sample_id,npy_idx,excel_pos,cation,anion,refrigerant,T_K,P_MPa,x1,anion_smiles,cation_smiles,refri_smiles,sheet,ens_ae_v6,ens_ae_v7,delta_ae,abs_err_v7,pred_v7,pred_v6
[emim]__[Ac]__R32__303.15__0.5246,8,8,[emim],[Ac],R32,303.15,0.5246,0.2229,CC(=O)[O-],C(C)[N+]1=CN(C=C1)C,C(F)F,Table S3. VLE HFCs,0.02532651104927061,0.007027688000000004,0.018298823049270607,0.007027688000000004,0.229927688,0.19757348895072938
[emim]__[Ac]__R134a__303.15__0.2,13,13,[emim],[Ac],R134a,303.15,0.2,0.1115,CC(=O)[O-],C(C)[N+]1=CN(C=C1)C,C(C(F)(F)F)F,Table S3. VLE HFCs,0.034601155459880836,0.003940032000000024,0.030661123459880812,0.003940032000000024,0.10755996799999998,0.07689884454011917
[emim]__[Ac]__R125__303.15__0.2054,23,23,[emim],[Ac],R125,303.15,0.2054,0.1062,CC(=O)[O-],C(C)[N+]1=CN(C=C1)C,C(F)(F)(C(F)(F)F),Table S3. VLE HFCs,0.041953045976161965,0.007462648200000005,0.03449039777616196,0.007462648200000005,0.11366264820000001,0.06424695402383804
[emim]__[BEI]__R32__298.15__0.5493,41,41,[emim],[BEI],R32,298.15,0.5493,0.445,FC(F)(F)C(F)(F)S(=O)(=O)[N-]S(=O)(=O)C(F)(F)C(F)(F)F,C(C)[N+]1=CN(C=C1)C,C(F)F,Table S3. VLE HFCs,0.00871955037117006,0.007377398000000035,0.0013421523711700245,0.007377398000000035,0.43762260199999997,0.45371955037117007
[emim]__[BEI]__R32__323.15__0.6995,50,50,[emim],[BEI],R32,323.15,0.6995,0.348,FC(F)(F)C(F)(F)S(=O)(=O)[N-]S(=O)(=O)C(F)(F)C(F)(F)F,C(C)[N+]1=CN(C=C1)C,C(F)F,Table S3. VLE HFCs,0.007768146276473986,0.01448359999999993,-0.006715453723525944,0.01448359999999993,0.33351640000000005,0.340231853723526
[emim]__[BEI]__R32__323.15__0.9993,52,52,[emim],[BEI],R32,323.15,0.9993,0.4539999999999999,FC(F)(F)C(F)(F)S(=O)(=O)[N-]S(=O)(=O)C(F)(F)C(F)(F)F,C(C)[N+]1=CN(C=C1)C,C(F)F,Table S3. VLE HFCs,0.003575215578079216,0.00073287199999994,0.002842343578079276,0.00073287199999994,0.45473287199999995,0.4504247844219208
[emim]__[BEI]__R32__348.05__0.9994,60,60,[emim],[BEI],R32,348.05,0.9994,0.321,FC(F)(F)C(F)(F)S(=O)(=O)[N-]S(=O)(=O)C(F)(F)C(F)(F)F,C(C)[N+]1=CN(C=C1)C,C(F)F,Table S3. VLE HFCs,0.0008299865722656286,0.0022586019999999984,-0.0014286154277343699,0.0022586019999999984,0.323258602,0.32182998657226564
[emim]__[BEI]__R134__283.149__0.25,66,66,[emim],[BEI],R134,283.149,0.25,0.823,FC(F)(F)C(F)(F)S(=O)(=O)[N-]S(=O)(=O)C(F)(F)C(F)(F)F,C(C)[N+]1=CN(C=C1)C,FC(F)C(F)F,Table S3. VLE HFCs,0.022490070343017532,0.010394633999999958,0.012095436343017574,0.010394633999999958,0.812605366,0.8005099296569824
[emim]__[BEI]__R134__298.229__0.3,74,74,[emim],[BEI],R134,298.229,0.3,0.677,FC(F)(F)C(F)(F)S(=O)(=O)[N-]S(=O)(=O)C(F)(F)C(F)(F)F,C(C)[N+]1=CN(C=C1)C,FC(F)C(F)F,Table S3. VLE HFCs,0.010706351280212356,0.024075211999999957,-0.0133688607197876,0.024075211999999957,0.701075212,0.6877063512802124
[emim]__[BEI]__R134__323.132__0.3,82,82,[emim],[BEI],R134,323.13199999999995,0.3,0.407,FC(F)(F)C(F)(F)S(=O)(=O)[N-]S(=O)(=O)C(F)(F)C(F)(F)F,C(C)[N+]1=CN(C=C1)C,FC(F)C(F)F,Table S3. VLE HFCs,0.020417756557464584,0.007206173999999954,0.01321158255746463,0.007206173999999954,0.399793826,0.3865822434425354
[emim]__[BEI]__R134__348.148__0.05,85,85,[emim],[BEI],R134,348.148,0.05,0.048,FC(F)(F)C(F)(F)S(=O)(=O)[N-]S(=O)(=O)C(F)(F)C(F)(F)F,C(C)[N+]1=CN(C=C1)C,FC(F)C(F)F,Table S3. VLE HFCs,0.002824653267860411,4.571400000000225e-05,0.0027789392678604086,4.571400000000225e-05,0.047954286,0.04517534673213959
[emim]__[BEI]__R134a__283.15__0.1502,95,95,[emim],[BEI],R134a,283.15,0.1502,0.368,FC(F)(F)C(F)(F)S(=O)(=O)[N-]S(=O)(=O)C(F)(F)C(F)(F)F,C(C)[N+]1=CN(C=C1)C,C(C(F)(F)F)F,Table S3. VLE HFCs,0.02594257521629334,0.026742892000000018,-0.0008003167837066782,0.026742892000000018,0.341257108,0.34205742478370665
[emim]__[BEI]__R134a__298.1__0.2503,105,105,[emim],[BEI],R134a,298.1,0.2503,0.37,FC(F)(F)C(F)(F)S(=O)(=O)[N-]S(=O)(=O)C(F)(F)C(F)(F)F,C(C)[N+]1=CN(C=C1)C,C(C(F)(F)F)F,Table S3. VLE HFCs,0.007105816602706927,0.004452907999999978,0.0026529086027069493,0.004452907999999978,0.365547092,0.36289418339729307
[emim]__[BEI]__R134a__348.1__0.1004,118,118,[emim],[BEI],R134a,348.1,0.1004,0.053,FC(F)(F)C(F)(F)S(=O)(=O)[N-]S(=O)(=O)C(F)(F)C(F)(F)F,C(C)[N+]1=CN(C=C1)C,C(C(F)(F)F)F,Table S3. VLE HFCs,0.0026230418384075166,0.0008798806000000006,0.001743161238407516,0.0008798806000000006,0.0521201194,0.055623041838407515
[emim]__[BF4]__R32__283.15__0.0379,124,124,[emim],[BF4],R32,283.15,0.0379,0.026,F[B-](F)(F)F,C(C)[N+]1=CN(C=C1)C,C(F)F,Table S3. VLE HFCs,0.0027188135087490087,0.008861303199999993,-0.0061424896912509845,0.008861303199999993,0.03486130319999999,0.028718813508749007
[emim]__[BF4]__R32__283.15__0.6549,129,129,[emim],[BF4],R32,283.15,0.6549,0.46,F[B-](F)(F)F,C(C)[N+]1=CN(C=C1)C,C(F)F,Table S3. VLE HFCs,0.003658179044723542,0.005696760000000023,-0.002038580955276481,0.005696760000000023,0.46569676000000004,0.4563418209552765
[emim]__[BF4]__R32__283.15__0.7509,131,131,[emim],[BF4],R32,283.15,0.7509,0.5245,F[B-](F)(F)F,C(C)[N+]1=CN(C=C1)C,C(F)F,Table S3. VLE HFCs,0.01603605699539179,0.005673299999999992,0.010362756995391798,0.005673299999999992,0.5188267,0.5084639430046082
[emim]__[BF4]__R32__323.15__0.6768,154,154,[emim],[BF4],R32,323.15,0.6768,0.1551,F[B-](F)(F)F,C(C)[N+]1=CN(C=C1)C,C(F)F,Table S3. VLE HFCs,0.038055786395072955,0.030625452000000025,0.0074303343950729295,0.030625452000000025,0.185725452,0.19315578639507294
[emim]__[BF4]__R134a__283.15__0.2517,159,159,[emim],[BF4],R134a,283.15,0.2517,0.2073,F[B-](F)(F)F,C(C)[N+]1=CN(C=C1)C,C(C(F)(F)F)F,Table S3. VLE HFCs,0.02402510483264922,0.035893607999999966,-0.011868503167350747,0.035893607999999966,0.24319360799999998,0.23132510483264923
[emim]__[BF4]__R134a__283.15__0.389,166,166,[emim],[BF4],R134a,283.15,0.389,0.4096,F[B-](F)(F)F,C(C)[N+]1=CN(C=C1)C,C(C(F)(F)F)F,Table S3. VLE HFCs,0.05313592991828919,0.018270608000000077,0.034865321918289116,0.018270608000000077,0.39132939199999994,0.3564640700817108
[emim]__[BF4]__R134a__303.15__0.3952,178,178,[emim],[BF4],R134a,303.15,0.3952,0.1607,F[B-](F)(F)F,C(C)[N+]1=CN(C=C1)C,C(C(F)(F)F)F,Table S3. VLE HFCs,0.024488129544258108,0.019799967999999973,0.004688161544258135,0.019799967999999973,0.18049996799999998,0.18518812954425812
[emim]__[BF4]__R134a__323.15__0.4084,189,189,[emim],[BF4],R134a,323.15,0.4084,0.0805,F[B-](F)(F)F,C(C)[N+]1=CN(C=C1)C,C(C(F)(F)F)F,Table S3. VLE HFCs,0.007522343814373014,0.007699720000000007,-0.00017737618562699287,0.007699720000000007,0.08819972000000001,0.08802234381437302
[emim]__[BF4]__R125__333.15__0.586,202,202,[emim],[BF4],R125,333.15,0.5860000000000001,0.0465,F[B-](F)(F)F,C(C)[N+]1=CN(C=C1)C,C(F)(F)(C(F)(F)F),Table S3. VLE HFCs,0.0018260356187820431,0.006810810200000003,-0.00498477458121796,0.006810810200000003,0.039689189799999997,0.04467396438121796
[emim]__[BF4]__R125__353.15__0.132,215,215,[emim],[BF4],R125,353.15,0.132,0.0105,F[B-](F)(F)F,C(C)[N+]1=CN(C=C1)C,C(F)(F)(C(F)(F)F),Table S3. VLE HFCs,0.005186674416065214,0.0024874616800000006,0.0026992127360652134,0.0024874616800000006,0.012987461680000001,0.015686674416065215
[emim]__[OTf]__R32__273.16__0.399,220,220,[emim],[OTf],R32,273.16,0.399,0.369,FC(F)(F)S(=O)(=O)[O-],C(C)[N+]1=CN(C=C1)C,C(F)F,Table S3. VLE HFCs,0.07092166519165038,0.051249766000000085,0.0196718991916503,0.051249766000000085,0.4202497660000001,0.4399216651916504
[emim]__[OTf]__R32__298.14__0.204,225,225,[emim],[OTf],R32,298.14,0.204,0.116,FC(F)(F)S(=O)(=O)[O-],C(C)[N+]1=CN(C=C1)C,C(F)F,Table S3. VLE HFCs,0.007649632930755615,0.008040565999999985,-0.0003909330692443702,0.008040565999999985,0.12404056599999999,0.12364963293075562
[emim]__[OTf]__R32__298.12__0.505,228,228,[emim],[OTf],R32,298.12,0.505,0.274,FC(F)(F)S(=O)(=O)[O-],C(C)[N+]1=CN(C=C1)C,C(F)F,Table S3. VLE HFCs,0.017816955804824786,0.008812686000000014,0.009004269804824772,0.008812686000000014,0.28281268600000004,0.2918169558048248
[emim]__[OTf]__R32__323.17__0.598,238,238,[emim],[OTf],R32,323.17,0.598,0.197,FC(F)(F)S(=O)(=O)[O-],C(C)[N+]1=CN(C=C1)C,C(F)F,Table S3. VLE HFCs,0.007778090119361869,0.003959390000000007,0.003818700119361862,0.003959390000000007,0.20095939000000002,0.20477809011936188
[emim]__[OTf]__R152a__298.15__0.173,263,263,[emim],[OTf],R152a,298.15,0.173,0.135,FC(F)(F)S(=O)(=O)[O-],C(C)[N+]1=CN(C=C1)C,CC(F)F,Table S3. VLE HFCs,0.03513557851314544,0.034454758,0.0006808205131454415,0.034454758,0.169454758,0.17013557851314545
[emim]__[OTf]__R152a__323.14__0.116,267,267,[emim],[OTf],R152a,323.14,0.116,0.061,FC(F)(F)S(=O)(=O)[O-],C(C)[N+]1=CN(C=C1)C,CC(F)F,Table S3. VLE HFCs,0.007401829898357387,0.008645678000000004,-0.0012438481016426167,0.008645678000000004,0.069645678,0.06840182989835739
[emim]__[OTf]__R152a__323.14__0.756,273,273,[emim],[OTf],R152a,323.14,0.756,0.473,FC(F)(F)S(=O)(=O)[O-],C(C)[N+]1=CN(C=C1)C,CC(F)F,Table S3. VLE HFCs,0.04385022330284116,0.031253969999999964,0.012596253302841198,0.031253969999999964,0.44174603,0.4291497766971588
[emim]__[OTf]__R134a__293.15__0.3653,305,305,[emim],[OTf],R134a,293.15,0.3653,0.3483,FC(F)(F)S(=O)(=O)[O-],C(C)[N+]1=CN(C=C1)C,C(C(F)(F)F)F,Table S3. VLE HFCs,0.015405352878570533,0.005254609999999993,0.01015074287857054,0.005254609999999993,0.34304539,0.33289464712142947
[emim]__[OTf]__R134a__303.15__0.2178,308,308,[emim],[OTf],R134a,303.15,0.2178,0.1403,FC(F)(F)S(=O)(=O)[O-],C(C)[N+]1=CN(C=C1)C,C(C(F)(F)F)F,Table S3. VLE HFCs,0.008156550216674802,0.009020880000000009,-0.0008643297833252073,0.009020880000000009,0.13127912,0.1321434497833252
[emim]__[OTf]__R134a__313.15__0.1247,313,313,[emim],[OTf],R134a,313.15,0.1247,0.0574,FC(F)(F)S(=O)(=O)[O-],C(C)[N+]1=CN(C=C1)C,C(C(F)(F)F)F,Table S3. VLE HFCs,0.0007032162487506863,0.0043848657999999985,-0.003681649551249312,0.0043848657999999985,0.0617848658,0.05669678375124931
[emim]__[OTf]__R134a__313.15__0.4049,317,317,[emim],[OTf],R134a,313.15,0.4049,0.1869,FC(F)(F)S(=O)(=O)[O-],C(C)[N+]1=CN(C=C1)C,C(C(F)(F)F)F,Table S3. VLE HFCs,0.0035300296783447316,0.002072603999999978,0.0014574256783447537,0.002072603999999978,0.188972604,0.18336997032165528
[emim]__[OTf]__R125__303.15__0.3126,327,327,[emim],[OTf],R125,303.15,0.3126,0.0938,FC(F)(F)S(=O)(=O)[O-],C(C)[N+]1=CN(C=C1)C,C(F)(F)(C(F)(F)F),Table S3. VLE HFCs,0.002151215922832489,0.017849067799999993,-0.015697851877167504,0.017849067799999993,0.0759509322,0.09595121592283248
[emim]__[PF6]__R23__332.9__0.04997,331,331,[emim],[PF6],R23,332.9,0.04997,0.003,F[P-](F)(F)(F)(F)F,C(C)[N+]1=CN(C=C1)C,C(F)(F)F,Table S3. VLE HFCs,0.00826413345336914,0.00722214498,0.0010419884733691405,0.00722214498,0.01022214498,0.01126413345336914
[emim]__[PF6]__R23__347.9__0.69933,343,343,[emim],[PF6],R23,347.9,0.69933,0.04,F[P-](F)(F)(F)(F)F,C(C)[N+]1=CN(C=C1)C,C(F)(F)F,Table S3. VLE HFCs,0.0023014171421527826,0.0035304800000000025,-0.0012290628578472199,0.0035304800000000025,0.04353048,0.042301417142152783
[emim]__[PFBS]__R32__303.15__0.2709,353,353,[emim],[PFBS],R32,303.15,0.2709,0.1983,FC(F)(F)C(F)(F)C(F)(F)C(F)(F)S(=O)(=O)[O-],C(C)[N+]1=CN(C=C1)C,C(F)F,Table S3. VLE HFCs,0.006412292551994325,0.006736671999999999,-0.00032437944800567386,0.006736671999999999,0.205036672,0.20471229255199433
[emim]__[PFBS]__R134a__303.15__0.3134,367,367,[emim],[PFBS],R134a,303.15,0.3134,0.329,FC(F)(F)C(F)(F)C(F)(F)C(F)(F)S(=O)(=O)[O-],C(C)[N+]1=CN(C=C1)C,C(C(F)(F)F)F,Table S3. VLE HFCs,0.019544895648956284,0.02209636599999998,-0.0025514703510436942,0.02209636599999998,0.351096366,0.3485448956489563
[emim]__[PFBS]__R125__303.15__0.2241,375,375,[emim],[PFBS],R125,303.15,0.2241,0.1606,FC(F)(F)C(F)(F)C(F)(F)C(F)(F)S(=O)(=O)[O-],C(C)[N+]1=CN(C=C1)C,C(F)(F)(C(F)(F)F),Table S3. VLE HFCs,0.023261081552505475,0.020516543999999998,0.002744537552505477,0.020516543999999998,0.140083456,0.13733891844749452
[emim]__[PFP]__R32__303.15__0.0402,381,381,[emim],[PFP],R32,303.15,0.0402,0.0315,FC(F)(F)C(F)(F)C(F)(F)C(F)(F)C(=O)[O-],C(C)[N+]1=CN(C=C1)C,C(F)F,Table S3. VLE HFCs,0.006636715441942213,0.0090755722,-0.0024388567580577863,0.0090755722,0.0405755722,0.038136715441942214
[emim]__[PFP]__R134a__303.15__0.0852,390,390,[emim],[PFP],R134a,303.15,0.0852,0.1045,FC(F)(F)C(F)(F)C(F)(F)C(F)(F)C(=O)[O-],C(C)[N+]1=CN(C=C1)C,C(C(F)(F)F)F,Table S3. VLE HFCs,0.018344689726829524,0.0110757888,0.007268900926829525,0.0110757888,0.0934242112,0.08615531027317047
[emim]__[PFP]__R125__303.15__0.0245,399,399,[emim],[PFP],R125,303.15,0.0245,0.0266,FC(F)(F)C(F)(F)C(F)(F)C(F)(F)C(=O)[O-],C(C)[N+]1=CN(C=C1)C,C(F)(F)(C(F)(F)F),Table S3. VLE HFCs,0.002054870018362999,0.013414493399999998,-0.011359623381636999,0.013414493399999998,0.0400144934,0.028654870018362998
[emim]__[SCN]__R32__293.15__0.073,412,412,[emim],[SCN],R32,293.15,0.073,0.0223,[S-]C#N,C(C)[N+]1=CN(C=C1)C,C(F)F,Table S3. VLE HFCs,0.012525188666582109,0.001942599199999999,0.01058258946658211,0.001942599199999999,0.0242425992,0.03482518866658211
[emim]__[SCN]__R32__303.15__0.2303,419,419,[emim],[SCN],R32,303.15,0.2303,0.0557,[S-]C#N,C(C)[N+]1=CN(C=C1)C,C(F)F,Table S3. VLE HFCs,0.02509464286565781,0.004394161600000009,0.0207004812656578,0.004394161600000009,0.06009416160000001,0.08079464286565781
[emim]__[SCN]__R134a__303.15__0.0683,439,439,[emim],[SCN],R134a,303.15,0.0683,0.0102,[S-]C#N,C(C)[N+]1=CN(C=C1)C,C(C(F)(F)F)F,Table S3. VLE HFCs,0.017131462875008583,0.007841170259999999,0.009290292615008584,0.007841170259999999,0.01804117026,0.027331462875008584
[emim]__[SCN]__R134a__303.15__0.1513,440,440,[emim],[SCN],R134a,303.15,0.1513,0.0228,[S-]C#N,C(C)[N+]1=CN(C=C1)C,C(C(F)(F)F)F,Table S3. VLE HFCs,0.025888506335020066,0.005662528600000001,0.020225977735020065,0.005662528600000001,0.028462528600000002,0.04868850633502007
[emim]__[Tf2N]__R32__283.15__0.7004,459,459,[emim],[Tf2N],R32,283.15,0.7004,0.672,FC(S(=O)(=O)[N-]S(=O)(=O)C(F)(F)F)(F)F,C(C)[N+]1=CN(C=C1)C,C(F)F,Table S3. VLE HFCs,0.028443905830383365,0.03444734000000005,-0.006003434169616684,0.03444734000000005,0.63755266,0.6435560941696167
[emim]__[Tf2N]__R32__298.15__0.2502,463,463,[emim],[Tf2N],R32,298.15,0.2502,0.218,FC(S(=O)(=O)[N-]S(=O)(=O)C(F)(F)F)(F)F,C(C)[N+]1=CN(C=C1)C,C(F)F,Table S3. VLE HFCs,0.011101552128791797,0.010269551999999987,0.00083200012879181,0.010269551999999987,0.207730448,0.2068984478712082
[emim]__[Tf2N]__R32__323.15__0.0102,469,469,[emim],[Tf2N],R32,323.15,0.0102,0.005,FC(S(=O)(=O)[N-]S(=O)(=O)C(F)(F)F)(F)F,C(C)[N+]1=CN(C=C1)C,C(F)F,Table S3. VLE HFCs,0.014635909795761109,0.013522196400000002,0.0011137133957611067,0.013522196400000002,0.018522196400000003,0.01963590979576111
[emim]__[Tf2N]__R32__348.05__0.8504,483,483,[emim],[Tf2N],R32,348.05,0.8504,0.254,FC(S(=O)(=O)[N-]S(=O)(=O)C(F)(F)F)(F)F,C(C)[N+]1=CN(C=C1)C,C(F)F,Table S3. VLE HFCs,0.009850396871566747,0.005059233999999968,0.004791162871566779,0.005059233999999968,0.25905923399999997,0.26385039687156675
[emim]__[Tf2N]__R32__303.15__0.447,499,499,[emim],[Tf2N],R32,303.15,0.447,0.2948,FC(S(=O)(=O)[N-]S(=O)(=O)C(F)(F)F)(F)F,C(C)[N+]1=CN(C=C1)C,C(F)F,Table S3. VLE HFCs,0.012545962524414034,0.005871750000000009,0.006674212524414025,0.005871750000000009,0.30067175,0.30734596252441404
[emim]__[Tf2N]__R32__303.15__0.148,507,507,[emim],[Tf2N],R32,303.15,0.148,0.105,FC(S(=O)(=O)[N-]S(=O)(=O)C(F)(F)F)(F)F,C(C)[N+]1=CN(C=C1)C,C(F)F,Table S3. VLE HFCs,0.004562690556049354,0.004219419599999996,0.0003432709560493574,0.004219419599999996,0.10921941959999999,0.10956269055604935
[emim]__[Tf2N]__R32__303.15__0.185,508,508,[emim],[Tf2N],R32,303.15,0.185,0.126,FC(S(=O)(=O)[N-]S(=O)(=O)C(F)(F)F)(F)F,C(C)[N+]1=CN(C=C1)C,C(F)F,Table S3. VLE HFCs,0.011419393658638005,0.012358585999999977,-0.0009391923413619718,0.012358585999999977,0.13835858599999998,0.137419393658638
[emim]__[Tf2N]__R23__298.1__0.0995,511,511,[emim],[Tf2N],R23,298.1,0.0995,0.031,FC(S(=O)(=O)[N-]S(=O)(=O)C(F)(F)F)(F)F,C(C)[N+]1=CN(C=C1)C,C(F)(F)F,Table S3. VLE HFCs,0.006367721274495128,0.008531495400000005,-0.0021637741255048776,0.008531495400000005,0.039531495400000005,0.03736772127449513
[emim]__[Tf2N]__R23__298__0.5025,524,524,[emim],[Tf2N],R23,298.0,0.5025,0.152,FC(S(=O)(=O)[N-]S(=O)(=O)C(F)(F)F)(F)F,C(C)[N+]1=CN(C=C1)C,C(F)(F)F,Table S3. VLE HFCs,0.0373655240535736,0.024626009999999976,0.012739514053573625,0.024626009999999976,0.17662600999999997,0.1893655240535736
[emim]__[Tf2N]__R23__323.2__0.9999,532,532,[emim],[Tf2N],R23,323.2,0.9999,0.187,FC(S(=O)(=O)[N-]S(=O)(=O)C(F)(F)F)(F)F,C(C)[N+]1=CN(C=C1)C,C(F)(F)F,Table S3. VLE HFCs,0.005679884076118469,0.008677407999999998,-0.0029975239238815288,0.008677407999999998,0.178322592,0.18132011592388153
[emim]__[Tf2N]__R23__323.1__0.9996,540,540,[emim],[Tf2N],R23,323.1,0.9996,0.189,FC(S(=O)(=O)[N-]S(=O)(=O)C(F)(F)F)(F)F,C(C)[N+]1=CN(C=C1)C,C(F)(F)F,Table S3. VLE HFCs,0.007431296944618221,0.010422723999999994,-0.0029914270553817734,0.010422723999999994,0.178577276,0.18156870305538178
[emim]__[Tf2N]__R23__303.17__0.1028,548,548,[emim],[Tf2N],R23,303.17,0.1028,0.02781,FC(S(=O)(=O)[N-]S(=O)(=O)C(F)(F)F)(F)F,C(C)[N+]1=CN(C=C1)C,C(F)(F)F,Table S3. VLE HFCs,0.009124207379817964,0.011643910999999993,-0.002519703620182029,0.011643910999999993,0.039453910999999994,0.036934207379817965
[emim]__[Tf2N]__R152a__298.2__0.15,561,561,[emim],[Tf2N],R152a,298.2,0.15,0.243,FC(S(=O)(=O)[N-]S(=O)(=O)C(F)(F)F)(F)F,C(C)[N+]1=CN(C=C1)C,CC(F)F,Table S3. VLE HFCs,0.012069948792457569,0.011190097999999982,0.0008798507924575871,0.011190097999999982,0.231809902,0.23093005120754242
[emim]__[Tf2N]__R152a__298.2__0.175,562,562,[emim],[Tf2N],R152a,298.2,0.175,0.28,FC(S(=O)(=O)[N-]S(=O)(=O)C(F)(F)F)(F)F,C(C)[N+]1=CN(C=C1)C,CC(F)F,Table S3. VLE HFCs,0.007460324764251736,0.008440414000000007,-0.0009800892357482716,0.008440414000000007,0.271559586,0.2725396752357483
[emim]__[Tf2N]__R152a__298.2__0.3,579,579,[emim],[Tf2N],R152a,298.2,0.3,0.45,FC(S(=O)(=O)[N-]S(=O)(=O)C(F)(F)F)(F)F,C(C)[N+]1=CN(C=C1)C,CC(F)F,Table S3. VLE HFCs,0.012874329090118375,0.007869771999999997,0.005004557090118378,0.007869771999999997,0.457869772,0.4628743290901184
[emim]__[Tf2N]__R152a__298.2__0.275,580,580,[emim],[Tf2N],R152a,298.2,0.275,0.417,FC(S(=O)(=O)[N-]S(=O)(=O)C(F)(F)F)(F)F,C(C)[N+]1=CN(C=C1)C,CC(F)F,Table S3. VLE HFCs,0.013538982152938861,0.007174195999999966,0.006364786152938895,0.007174195999999966,0.42417419599999995,0.43053898215293884
[emim]__[Tf2N]__R152a__298.2__0.225,582,582,[emim],[Tf2N],R152a,298.2,0.225,0.35,FC(S(=O)(=O)[N-]S(=O)(=O)C(F)(F)F)(F)F,C(C)[N+]1=CN(C=C1)C,CC(F)F,Table S3. VLE HFCs,0.005571335554122925,0.000655255999999993,0.004916079554122932,0.000655255999999993,0.35065525599999997,0.3555713355541229
[emim]__[Tf2N]__R134__283.2__0.05,592,592,[emim],[Tf2N],R134,283.2,0.05,0.246,FC(S(=O)(=O)[N-]S(=O)(=O)C(F)(F)F)(F)F,C(C)[N+]1=CN(C=C1)C,FC(F)C(F)F,Table S3. VLE HFCs,0.014890775918960597,0.009212724000000005,0.005678051918960592,0.009212724000000005,0.255212724,0.2608907759189606
[emim]__[Tf2N]__R134__298.2__0.0099,598,598,[emim],[Tf2N],R134,298.2,0.0099,0.033,FC(S(=O)(=O)[N-]S(=O)(=O)C(F)(F)F)(F)F,C(C)[N+]1=CN(C=C1)C,FC(F)C(F)F,Table S3. VLE HFCs,0.05015016925334931,0.05130180599999999,-0.0011516367466506833,0.05130180599999999,0.08430180599999999,0.08315016925334931
[emim]__[Tf2N]__R134__348.1__0.2996,620,620,[emim],[Tf2N],R134,348.1,0.2996,0.2189999999999999,FC(S(=O)(=O)[N-]S(=O)(=O)C(F)(F)F)(F)F,C(C)[N+]1=CN(C=C1)C,FC(F)C(F)F,Table S3. VLE HFCs,0.005345844984054576,0.012883407999999985,-0.007537563015945409,0.012883407999999985,0.23188340799999999,0.22434584498405458
[emim]__[Tf2N]__R134a__323.1__0.0103,638,638,[emim],[Tf2N],R134a,323.1,0.0103,0.008,FC(S(=O)(=O)[N-]S(=O)(=O)C(F)(F)F)(F)F,C(C)[N+]1=CN(C=C1)C,C(C(F)(F)F)F,Table S3. VLE HFCs,0.011529497623443602,0.013167844600000003,-0.0016383469765564006,0.013167844600000003,0.021167844600000003,0.019529497623443602
[emim]__[Tf2N]__R134a__298__0.335,661,661,[emim],[Tf2N],R134a,298.0,0.335,0.3992,FC(S(=O)(=O)[N-]S(=O)(=O)C(F)(F)F)(F)F,C(C)[N+]1=CN(C=C1)C,C(C(F)(F)F)F,Table S3. VLE HFCs,0.01658434705734252,0.02430865200000004,-0.007724304942657523,0.02430865200000004,0.42350865200000004,0.4157843470573425
[emim]__[Tf2N]__R134a__298__0.444,663,663,[emim],[Tf2N],R134a,298.0,0.444,0.5228,FC(S(=O)(=O)[N-]S(=O)(=O)C(F)(F)F)(F)F,C(C)[N+]1=CN(C=C1)C,C(C(F)(F)F)F,Table S3. VLE HFCs,0.023861719655990654,0.01928580999999996,0.004575909655990695,0.01928580999999996,0.54208581,0.4989382803440094
[emim]__[Tf2N]__R134a__298__0.537,665,665,[emim],[Tf2N],R134a,298.0,0.537,0.6344,FC(S(=O)(=O)[N-]S(=O)(=O)C(F)(F)F)(F)F,C(C)[N+]1=CN(C=C1)C,C(C(F)(F)F)F,Table S3. VLE HFCs,0.08115179719924925,0.011471089999999906,0.06968070719924935,0.011471089999999906,0.6229289100000001,0.5532482028007507
[emim]__[Tf2N]__R134a__323__0.166,671,671,[emim],[Tf2N],R134a,323.0,0.166,0.1055,FC(S(=O)(=O)[N-]S(=O)(=O)C(F)(F)F)(F)F,C(C)[N+]1=CN(C=C1)C,C(C(F)(F)F)F,Table S3. VLE HFCs,0.004419066727161414,0.0019222740000000016,0.002496792727161412,0.0019222740000000016,0.107422274,0.10991906672716141
[emim]__[Tf2N]__R134a__348__0.051,684,684,[emim],[Tf2N],R134a,348.0,0.051,0.0087,FC(S(=O)(=O)[N-]S(=O)(=O)C(F)(F)F)(F)F,C(C)[N+]1=CN(C=C1)C,C(C(F)(F)F)F,Table S3. VLE HFCs,0.01628455159366131,0.0131414896,0.0031430619936613086,0.0131414896,0.0218414896,0.02498455159366131
[emim]__[Tf2N]__R134a__348__1.399,698,698,[emim],[Tf2N],R134a,348.0,1.399,0.4722,FC(S(=O)(=O)[N-]S(=O)(=O)C(F)(F)F)(F)F,C(C)[N+]1=CN(C=C1)C,C(C(F)(F)F)F,Table S3. VLE HFCs,0.04014542131423954,0.03328014200000001,0.006865279314239525,0.03328014200000001,0.505480142,0.5123454213142395
[emim]__[Tf2N]__R134a__303__0.099831,703,703,[emim],[Tf2N],R134a,303.0,0.099831,0.11688,FC(S(=O)(=O)[N-]S(=O)(=O)C(F)(F)F)(F)F,C(C)[N+]1=CN(C=C1)C,C(C(F)(F)F)F,Table S3. VLE HFCs,0.013009296720027916,0.014467889400000003,-0.0014585926799720872,0.014467889400000003,0.1024121106,0.10387070327997208
[emim]__[Tf2N]__R134a__303.15__0.0599,709,709,[emim],[Tf2N],R134a,303.15,0.0599,0.07,FC(S(=O)(=O)[N-]S(=O)(=O)C(F)(F)F)(F)F,C(C)[N+]1=CN(C=C1)C,C(C(F)(F)F)F,Table S3. VLE HFCs,0.004411257505416877,0.0044632594000000025,-5.200189458312576e-05,0.0044632594000000025,0.0655367406,0.06558874249458313
[emim]__[Tf2N]__R134a__303.15__0.068,722,722,[emim],[Tf2N],R134a,303.15,0.068,0.076,FC(S(=O)(=O)[N-]S(=O)(=O)C(F)(F)F)(F)F,C(C)[N+]1=CN(C=C1)C,C(C(F)(F)F)F,Table S3. VLE HFCs,0.003390623092651368,0.0039063810000000004,-0.0005157579073486324,0.0039063810000000004,0.072093619,0.07260937690734863
[emim]__[Tf2N]__R134a__303.15__0.097,723,723,[emim],[Tf2N],R134a,303.15,0.097,0.105,FC(S(=O)(=O)[N-]S(=O)(=O)C(F)(F)F)(F)F,C(C)[N+]1=CN(C=C1)C,C(C(F)(F)F)F,Table S3. VLE HFCs,0.00442343682050704,0.005946205199999985,-0.0015227683794929447,0.005946205199999985,0.09905379480000001,0.10057656317949296
[emim]__[Tf2N]__R125__348.1__0.2998,756,756,[emim],[Tf2N],R125,348.1,0.2998,0.05,FC(S(=O)(=O)[N-]S(=O)(=O)C(F)(F)F)(F)F,C(C)[N+]1=CN(C=C1)C,C(F)(F)(C(F)(F)F),Table S3. VLE HFCs,0.01576271876692771,0.012655394799999997,0.0031073239669277136,0.012655394799999997,0.0626553948,0.06576271876692771
[emim]__[Tf2N]__R125__348.2__0.7998,760,760,[emim],[Tf2N],R125,348.2,0.7998,0.14,FC(S(=O)(=O)[N-]S(=O)(=O)C(F)(F)F)(F)F,C(C)[N+]1=CN(C=C1)C,C(F)(F)(C(F)(F)F),Table S3. VLE HFCs,0.0031729614734649636,0.009282665999999995,-0.006109704526535031,0.009282665999999995,0.149282666,0.14317296147346498
[emim]__[Tf2N]__R125__348.1__0.9997,761,761,[emim],[Tf2N],R125,348.1,0.9997,0.171,FC(S(=O)(=O)[N-]S(=O)(=O)C(F)(F)F)(F)F,C(C)[N+]1=CN(C=C1)C,C(F)(F)(C(F)(F)F),Table S3. VLE HFCs,0.027577541112899756,0.017446531999999987,0.01013100911289977,0.017446531999999987,0.188446532,0.19857754111289977
[emim]__[Tf2N]__R125__303.15__0.063,763,763,[emim],[Tf2N],R125,303.15,0.063,0.0305,FC(S(=O)(=O)[N-]S(=O)(=O)C(F)(F)F)(F)F,C(C)[N+]1=CN(C=C1)C,C(F)(F)(C(F)(F)F),Table S3. VLE HFCs,0.01290723380446434,0.012350398599999993,0.0005568352044643468,0.012350398599999993,0.04285039859999999,0.04340723380446434
[emim]__[Tf2N]__R125__303.15__0.4853,770,770,[emim],[Tf2N],R125,303.15,0.4853,0.2279,FC(S(=O)(=O)[N-]S(=O)(=O)C(F)(F)F)(F)F,C(C)[N+]1=CN(C=C1)C,C(F)(F)(C(F)(F)F),Table S3. VLE HFCs,0.027528916215896593,0.02967748400000003,-0.002148567784103439,0.02967748400000003,0.257577484,0.2554289162158966
[emim]__[TFES]__R32__298.05__0.2484,774,774,[emim],[TFES],R32,298.05,0.2484,0.133,FC(F)C(F)(F)S(=O)(=O)[O-],C(C)[N+]1=CN(C=C1)C,C(F)F,Table S3. VLE HFCs,0.032957179665565495,0.029483419999999982,0.0034737596655655123,0.029483419999999982,0.16248342,0.1659571796655655
[emim]__[TFES]__R32__298.05__0.5496,776,776,[emim],[TFES],R32,298.05,0.5496,0.2789999999999999,FC(F)C(F)(F)S(=O)(=O)[O-],C(C)[N+]1=CN(C=C1)C,C(F)F,Table S3. VLE HFCs,0.06787667489051818,0.05066811199999993,0.017208562890518253,0.05066811199999993,0.32966811199999996,0.3468766748905182
[bmim]__[Ac]__R32__298.15__0.5498,784,784,[bmim],[Ac],R32,298.15,0.5498,0.336,CC(=O)[O-],C(CCC)[N+]1=CN(C=C1)C,C(F)F,Table S3. VLE HFCs,0.06857465958595277,0.02606476000000002,0.04250989958595275,0.02606476000000002,0.30993524,0.26742534041404725
[bmim]__[Ac]__R32__298.15__0.2,790,790,[bmim],[Ac],R32,298.15,0.2,0.161,CC(=O)[O-],C(CCC)[N+]1=CN(C=C1)C,C(F)F,Table S3. VLE HFCs,0.060934604763984684,0.03455664620000001,0.02637795856398467,0.03455664620000001,0.1264433538,0.10006539523601532
[bmim]__[Ac]__R125__298.15__0.4,798,798,[bmim],[Ac],R125,298.15,0.4,0.429,CC(=O)[O-],C(CCC)[N+]1=CN(C=C1)C,C(F)(F)(C(F)(F)F),Table S3. VLE HFCs,0.26134341740608213,0.11043304599999998,0.15091037140608216,0.11043304599999998,0.318566954,0.16765658259391786
[bmim]__[BF4]__R32__298.2__0.3999,812,812,[bmim],[BF4],R32,298.2,0.3999,0.272,F[B-](F)(F)F,C(CCC)[N+]1=CN(C=C1)C,C(F)F,Table S3. VLE HFCs,0.06256655168533326,0.03599499400000003,0.02657155768533323,0.03599499400000003,0.236005006,0.20943344831466676
[bmim]__[BF4]__R32__323.2__0.3996,820,820,[bmim],[BF4],R32,323.2,0.3996,0.154,F[B-](F)(F)F,C(CCC)[N+]1=CN(C=C1)C,C(F)F,Table S3. VLE HFCs,0.023473490118980395,0.015960909999999995,0.0075125801189804,0.015960909999999995,0.13803909,0.1305265098810196
[bmim]__[BF4]__R32__348.1__0.0996,826,826,[bmim],[BF4],R32,348.1,0.0996,0.0579999999999999,F[B-](F)(F)F,C(CCC)[N+]1=CN(C=C1)C,C(F)F,Table S3. VLE HFCs,0.02490274253487587,0.027999339600000003,-0.0030965970651241313,0.027999339600000003,0.0300006604,0.03309725746512413
[bmim]__[BF4]__R32__348.1__0.8496,831,831,[bmim],[BF4],R32,348.1,0.8496,0.214,F[B-](F)(F)F,C(CCC)[N+]1=CN(C=C1)C,C(F)F,Table S3. VLE HFCs,0.006920789122581483,0.003606002000000025,0.0033147871225814585,0.003606002000000025,0.21039399799999997,0.2070792108774185
[bmim]__[BF4]__R125__298.15__1,846,846,[bmim],[BF4],R125,298.15,1.0,0.378,F[B-](F)(F)F,C(CCC)[N+]1=CN(C=C1)C,C(F)(F)(C(F)(F)F),Table S3. VLE HFCs,0.022003319978713964,0.071230146,-0.04922682602128603,0.071230146,0.306769854,0.40000331997871397
[bmim]__[FS]__R32__298.15__0.8494,853,853,[bmim],[FS],R32,298.15,0.8494,0.5710000000000001,FC(F)(F)C(F)OC(F)(F)C(F)(F)S(=O)(=O)[O-],C(CCC)[N+]1=CN(C=C1)C,C(F)F,Table S3. VLE HFCs,0.021812132835388187,0.03607319200000003,-0.014261059164611845,0.03607319200000003,0.607073192,0.5928121328353881
[bmim]__[HFPS]__R32__298.15__0.8494,861,861,[bmim],[HFPS],R32,298.15,0.8494,0.604,FC(F)(F)C(F)C(F)(F)S(=O)(=O)[O-],C(CCC)[N+]1=CN(C=C1)C,C(F)F,Table S3. VLE HFCs,0.04382096910476685,0.045050227999999914,-0.0012292588952330652,0.045050227999999914,0.5589497720000001,0.5601790308952331
[bmim]__[HFPS]__R134a__323.15__0.0101,879,879,[bmim],[HFPS],R134a,323.15,0.0101,0.006,FC(F)(F)C(F)C(F)(F)S(=O)(=O)[O-],C(CCC)[N+]1=CN(C=C1)C,C(C(F)(F)F)F,Table S3. VLE HFCs,0.012165937438607216,0.0154025036,-0.0032365661613927843,0.0154025036,0.0214025036,0.018165937438607217
[bmim]__[HFPS]__R134a__323.15__0.1993,883,883,[bmim],[HFPS],R134a,323.15,0.1993,0.1169999999999999,FC(F)(F)C(F)C(F)(F)S(=O)(=O)[O-],C(CCC)[N+]1=CN(C=C1)C,C(C(F)(F)F)F,Table S3. VLE HFCs,0.004499246358871459,0.0048138911999999895,-0.00031464484112853075,0.0048138911999999895,0.1218138912,0.12149924635887147
[bmim]__[HFPS]__R134a__348.05__0.2495,892,892,[bmim],[HFPS],R134a,348.05,0.2495,0.087,FC(F)(F)C(F)C(F)(F)S(=O)(=O)[O-],C(CCC)[N+]1=CN(C=C1)C,C(C(F)(F)F)F,Table S3. VLE HFCs,0.0017716367840766994,0.0010886310000000066,0.0006830057840766929,0.0010886310000000066,0.088088631,0.0887716367840767
[bmim]__[MeSO4]__R32__298.15__1.0006,902,902,[bmim],[MeSO4],R32,298.15,1.0006,0.489,COS(=O)(=O)[O-],C(CCC)[N+]1=CN(C=C1)C,C(F)F,Table S3. VLE HFCs,0.034781549930572475,0.05330925199999992,-0.018527702069427443,0.05330925199999992,0.5423092519999999,0.5237815499305725
[bmim]__[OTf]__R32__273.15__0.195,904,904,[bmim],[OTf],R32,273.15,0.195,0.243,FC(F)(F)S(=O)(=O)[O-],C(CCC)[N+]1=CN(C=C1)C,C(F)F,Table S3. VLE HFCs,0.0030811674594879157,0.0038291060000000265,-0.0007479385405121108,0.0038291060000000265,0.24682910600000002,0.2460811674594879
[bmim]__[OTf]__R32__273.14__0.636,909,909,[bmim],[OTf],R32,273.14,0.636,0.683,FC(F)(F)S(=O)(=O)[O-],C(CCC)[N+]1=CN(C=C1)C,C(F)F,Table S3. VLE HFCs,0.061727507591247566,0.05353877200000001,0.008188735591247553,0.05353877200000001,0.629461228,0.6212724924087525
[bmim]__[OTf]__R32__298.14__0.4,913,913,[bmim],[OTf],R32,298.14,0.4,0.264,FC(F)(F)S(=O)(=O)[O-],C(CCC)[N+]1=CN(C=C1)C,C(F)F,Table S3. VLE HFCs,0.008501629471778904,0.0025370299999999957,0.005964599471778909,0.0025370299999999957,0.26146297,0.2554983705282211
[bmim]__[OTf]__R152a__323.15__0.421,940,940,[bmim],[OTf],R152a,323.15,0.421,0.305,FC(F)(F)S(=O)(=O)[O-],C(CCC)[N+]1=CN(C=C1)C,CC(F)F,Table S3. VLE HFCs,0.0008162069320678533,0.0029671299999999845,-0.002150923067932131,0.0029671299999999845,0.30203287,0.30418379306793214
[bmim]__[OTf]__R152a__323.16__0.813,944,944,[bmim],[OTf],R152a,323.16,0.813,0.536,FC(F)(F)S(=O)(=O)[O-],C(CCC)[N+]1=CN(C=C1)C,CC(F)F,Table S3. VLE HFCs,0.06439825749397282,0.040089594000000006,0.024308663493972815,0.040089594000000006,0.495910406,0.4716017425060272
[bmim]__[PF6]__R41__298.05__0.0499,962,962,[bmim],[PF6],R41,298.05,0.0499,0.0139999999999999,F[P-](F)(F)(F)(F)F,C(CCC)[N+]1=CN(C=C1)C,CF,Table S3. VLE HFCs,0.01033670051395893,0.010694279399999998,-0.00035757888604106766,0.010694279399999998,0.024694279399999998,0.02433670051395893
[bmim]__[PF6]__R41__298.05__1.9992,969,969,[bmim],[PF6],R41,298.05,1.9992,0.484,F[P-](F)(F)(F)(F)F,C(CCC)[N+]1=CN(C=C1)C,CF,Table S3. VLE HFCs,0.038427237033843986,0.032534512000000015,0.005892725033843971,0.032534512000000015,0.516534512,0.522427237033844
[bmim]__[PF6]__R41__348.18__0.0097,978,978,[bmim],[PF6],R41,348.18,0.0097,0.002,F[P-](F)(F)(F)(F)F,C(CCC)[N+]1=CN(C=C1)C,CF,Table S3. VLE HFCs,0.001619976431131363,0.00541127954,-0.0037913031088686374,0.00541127954,-0.00341127954,0.0003800235688686371
[bmim]__[PF6]__R32__283.2__0.5497,991,991,[bmim],[PF6],R32,283.2,0.5497,0.5579999999999999,F[P-](F)(F)(F)(F)F,C(CCC)[N+]1=CN(C=C1)C,C(F)F,Table S3. VLE HFCs,0.08008456397056585,0.041443888000000095,0.03864067597056575,0.041443888000000095,0.516556112,0.4779154360294342
[bmim]__[PF6]__R32__298.1__0.6995,999,999,[bmim],[PF6],R32,298.1,0.6995,0.475,F[P-](F)(F)(F)(F)F,C(CCC)[N+]1=CN(C=C1)C,C(F)F,Table S3. VLE HFCs,0.04992518424987791,0.017575699999999972,0.032349484249877936,0.017575699999999972,0.4574243,0.42507481575012207
[bmim]__[PF6]__R32__323.1__0.6996,1007,1007,[bmim],[PF6],R32,323.1,0.6996,0.285,F[P-](F)(F)(F)(F)F,C(CCC)[N+]1=CN(C=C1)C,C(F)F,Table S3. VLE HFCs,0.018100825548171995,0.010675166000000014,0.007425659548171981,0.010675166000000014,0.27432483399999996,0.266899174451828
[bmim]__[PF6]__R32__298.15__0.6,1022,1022,[bmim],[PF6],R32,298.15,0.6,0.384,F[P-](F)(F)(F)(F)F,C(CCC)[N+]1=CN(C=C1)C,C(F)F,Table S3. VLE HFCs,0.01197007560729979,0.01921132200000003,-0.00724124639270024,0.01921132200000003,0.40321132200000004,0.3720299243927002
[bmim]__[PF6]__R23__298.1__0.3993,1035,1035,[bmim],[PF6],R23,298.1,0.3993,0.079,F[P-](F)(F)(F)(F)F,C(CCC)[N+]1=CN(C=C1)C,C(F)(F)F,Table S3. VLE HFCs,0.0006548426151275627,0.008005304000000005,-0.007350461384872442,0.008005304000000005,0.087005304,0.07965484261512756
[bmim]__[PF6]__R23__298__1.0004,1037,1037,[bmim],[PF6],R23,298.0,1.0004,0.195,F[P-](F)(F)(F)(F)F,C(CCC)[N+]1=CN(C=C1)C,C(F)(F)F,Table S3. VLE HFCs,0.008105643391609185,0.007218944000000005,0.0008866993916091803,0.007218944000000005,0.202218944,0.2031056433916092
[bmim]__[PF6]__R23__298.1__1.3006,1038,1038,[bmim],[PF6],R23,298.1,1.3006,0.25,F[P-](F)(F)(F)(F)F,C(CCC)[N+]1=CN(C=C1)C,C(F)(F)F,Table S3. VLE HFCs,0.02274329662322999,0.015986832000000006,0.006756464623229985,0.015986832000000006,0.265986832,0.27274329662323
[bmim]__[PF6]__R161__283.18__0.0099,1059,1059,[bmim],[PF6],R161,283.18,0.0099,0.009,F[P-](F)(F)(F)(F)F,C(CCC)[N+]1=CN(C=C1)C,CCF,Table S3. VLE HFCs,0.020730599746108053,0.0237005858,-0.0029699860538919473,0.0237005858,0.0327005858,0.029730599746108054
[bmim]__[PF6]__R161__323.14__0.1996,1075,1075,[bmim],[PF6],R161,323.14,0.1996,0.0819999999999999,F[P-](F)(F)(F)(F)F,C(CCC)[N+]1=CN(C=C1)C,CCF,Table S3. VLE HFCs,0.0016706876158714273,0.007312512800000004,-0.005641825184128577,0.007312512800000004,0.0746874872,0.08032931238412858
[bmim]__[PF6]__R161__348.13__0.2996,1084,1084,[bmim],[PF6],R161,348.13,0.2996,0.076,F[P-](F)(F)(F)(F)F,C(CCC)[N+]1=CN(C=C1)C,CCF,Table S3. VLE HFCs,0.003773978888988491,0.0032647261999999982,0.000509252688988493,0.0032647261999999982,0.0727352738,0.07977397888898849
[bmim]__[PF6]__R152a__283.1__0.3196,1095,1095,[bmim],[PF6],R152a,283.1,0.3196,0.799,F[P-](F)(F)(F)(F)F,C(CCC)[N+]1=CN(C=C1)C,CC(F)F,Table S3. VLE HFCs,0.29095041656494147,0.24213613200000006,0.04881428456494141,0.24213613200000006,0.556863868,0.5080495834350586
[bmim]__[PF6]__R152a__298.2__0.01,1096,1096,[bmim],[PF6],R152a,298.2,0.01,0.03,F[P-](F)(F)(F)(F)F,C(CCC)[N+]1=CN(C=C1)C,CC(F)F,Table S3. VLE HFCs,0.006272808164358143,0.0075302962000000015,-0.0012574880356418586,0.0075302962000000015,0.0375302962,0.03627280816435814
[bmim]__[PF6]__R152a__298.2__0.1492,1099,1099,[bmim],[PF6],R152a,298.2,0.1492,0.195,F[P-](F)(F)(F)(F)F,C(CCC)[N+]1=CN(C=C1)C,CC(F)F,Table S3. VLE HFCs,0.03388614475727081,0.021600659999999994,0.012285484757270815,0.021600659999999994,0.17339934,0.1611138552427292
[bmim]__[PF6]__R152a__348.2__0.2496,1114,1114,[bmim],[PF6],R152a,348.2,0.2496,0.086,F[P-](F)(F)(F)(F)F,C(CCC)[N+]1=CN(C=C1)C,CC(F)F,Table S3. VLE HFCs,0.029260519087314613,0.018596132799999998,0.010664386287314614,0.018596132799999998,0.10459613279999999,0.1152605190873146
[bmim]__[PF6]__R143a__285.4__0.7483,1125,1125,[bmim],[PF6],R143a,285.4,0.7483,0.241,F[P-](F)(F)(F)(F)F,C(CCC)[N+]1=CN(C=C1)C,CC(F)(F)F,Table S3. VLE HFCs,0.001648185014724718,0.008302977999999961,-0.006654792985275243,0.008302977999999961,0.24930297799999995,0.23935181498527527
[bmim]__[PF6]__R143a__298.1__0.2005,1128,1128,[bmim],[PF6],R143a,298.1,0.2005,0.042,F[P-](F)(F)(F)(F)F,C(CCC)[N+]1=CN(C=C1)C,CC(F)(F)F,Table S3. VLE HFCs,0.0026657851338386523,0.004683526999999993,-0.0020177418661613405,0.004683526999999993,0.046683526999999995,0.044665785133838655
[bmim]__[PF6]__R143a__323.2__0.7003,1142,1142,[bmim],[PF6],R143a,323.2,0.7003,0.094,F[P-](F)(F)(F)(F)F,C(CCC)[N+]1=CN(C=C1)C,CC(F)(F)F,Table S3. VLE HFCs,0.013841217249631887,0.002337939999999983,0.011503277249631905,0.002337939999999983,0.09166206000000002,0.08015878275036811
[bmim]__[PF6]__R143a__323.2__1.0003,1143,1143,[bmim],[PF6],R143a,323.2,1.0003,0.131,F[P-](F)(F)(F)(F)F,C(CCC)[N+]1=CN(C=C1)C,CC(F)(F)F,Table S3. VLE HFCs,0.0019972892999648995,0.0033868899999999758,-0.0013896007000350763,0.0033868899999999758,0.13438688999999998,0.1329972892999649
[bmim]__[PF6]__R134__283.15__0.1503,1156,1156,[bmim],[PF6],R134,283.15,0.1503,0.542,F[P-](F)(F)(F)(F)F,C(CCC)[N+]1=CN(C=C1)C,FC(F)C(F)F,Table S3. VLE HFCs,0.0692962868213654,0.066350662,0.0029456248213654,0.066350662,0.47564933800000003,0.47270371317863463
[bmim]__[PF6]__R134__323.15__0.2504,1172,1172,[bmim],[PF6],R134,323.15,0.2504,0.255,F[P-](F)(F)(F)(F)F,C(CCC)[N+]1=CN(C=C1)C,FC(F)C(F)F,Table S3. VLE HFCs,0.004482014179229721,0.0032592520000000458,0.001222762179229675,0.0032592520000000458,0.25825925200000005,0.2594820141792297
[bmim]__[PF6]__R134__348.16__0.0505,1176,1176,[bmim],[PF6],R134,348.16,0.0505,0.0289999999999999,F[P-](F)(F)(F)(F)F,C(CCC)[N+]1=CN(C=C1)C,FC(F)C(F)F,Table S3. VLE HFCs,0.00756133487820625,0.007833707199999995,-0.0002723723217937443,0.007833707199999995,0.036833707199999996,0.03656133487820625
[bmim]__[PF6]__R134a__323.1__0.1499,1202,1202,[bmim],[PF6],R134a,323.1,0.1499,0.065,F[P-](F)(F)(F)(F)F,C(CCC)[N+]1=CN(C=C1)C,C(C(F)(F)F)F,Table S3. VLE HFCs,0.00726748123764992,0.003553364999999996,0.003714116237649924,0.003553364999999996,0.061446635000000006,0.05773251876235008
[bmim]__[PF6]__R134a__348.1__0.0498,1208,1208,[bmim],[PF6],R134a,348.1,0.0498,0.009,F[P-](F)(F)(F)(F)F,C(CCC)[N+]1=CN(C=C1)C,C(C(F)(F)F)F,Table S3. VLE HFCs,0.010763289391994476,0.008741078000000001,0.0020222113919944745,0.008741078000000001,0.017741078,0.019763289391994475
[bmim]__[PF6]__R134a__348.2__0.349,1214,1214,[bmim],[PF6],R134a,348.2,0.349,0.085,F[P-](F)(F)(F)(F)F,C(CCC)[N+]1=CN(C=C1)C,C(C(F)(F)F)F,Table S3. VLE HFCs,0.010931037962436677,0.010945913200000004,-1.4875237563327648e-05,0.010945913200000004,0.0740540868,0.07406896203756333
[bmim]__[PF6]__R125__323.1__0.5996,1239,1239,[bmim],[PF6],R125,323.1,0.5996,0.087,F[P-](F)(F)(F)(F)F,C(CCC)[N+]1=CN(C=C1)C,C(F)(F)(C(F)(F)F),Table S3. VLE HFCs,0.016289484977722174,0.004814092800000003,0.011475392177722171,0.004814092800000003,0.0918140928,0.10328948497772217
[bmim]__[PF6]__R125__348.2__0.4998,1247,1247,[bmim],[PF6],R125,348.2,0.4998,0.043,F[P-](F)(F)(F)(F)F,C(CCC)[N+]1=CN(C=C1)C,C(F)(F)(C(F)(F)F),Table S3. VLE HFCs,0.004897347062826157,0.0002046320000000032,0.004692715062826154,0.0002046320000000032,0.043204632,0.047897347062826154
[bmim]__[PF6]__R125__298.15__0.05,1251,1251,[bmim],[PF6],R125,298.15,0.05,0.012,F[P-](F)(F)(F)(F)F,C(CCC)[N+]1=CN(C=C1)C,C(F)(F)(C(F)(F)F),Table S3. VLE HFCs,0.015920086681842804,0.0101517926,0.005768294081842804,0.0101517926,0.0221517926,0.027920086681842805
[bmim]__[PF6]__R125__298.15__0.6,1255,1255,[bmim],[PF6],R125,298.15,0.6,0.16,F[P-](F)(F)(F)(F)F,C(CCC)[N+]1=CN(C=C1)C,C(F)(F)(C(F)(F)F),Table S3. VLE HFCs,0.08132786393165589,0.04413012999999996,0.03719773393165593,0.04413012999999996,0.20413012999999997,0.2413278639316559
[bmim]__[SCN]__R32__298.15__0.6,1270,1270,[bmim],[SCN],R32,298.15,0.6,0.212,[S-]C#N,C(CCC)[N+]1=CN(C=C1)C,C(F)F,Table S3. VLE HFCs,0.061112243413925155,0.009908879999999981,0.051203363413925174,0.009908879999999981,0.20209112,0.27311224341392515
[bmim]__[SCN]__R32__298.15__0.8,1271,1271,[bmim],[SCN],R32,298.15,0.8,0.28,[S-]C#N,C(CCC)[N+]1=CN(C=C1)C,C(F)F,Table S3. VLE HFCs,0.08999920606613154,0.0025805099999999803,0.08741869606613156,0.0025805099999999803,0.27741949000000005,0.36999920606613157
[bmim]__[SCN]__R125__298.15__0.05,1273,1273,[bmim],[SCN],R125,298.15,0.05,0.001,[S-]C#N,C(CCC)[N+]1=CN(C=C1)C,C(F)(F)(C(F)(F)F),Table S3. VLE HFCs,0.021169886529445646,0.002281451466,0.018888435063445647,0.002281451466,-0.0012814514660000002,0.022169886529445647
[bmim]__[TFES]__R32__298.15__0.0999,1281,1281,[bmim],[TFES],R32,298.15,0.0999,0.072,FC(F)C(F)(F)S(=O)(=O)[O-],C(CCC)[N+]1=CN(C=C1)C,C(F)F,Table S3. VLE HFCs,0.000767628967761988,2.6480000000009274e-05,0.0007411489677619787,2.6480000000009274e-05,0.07202648,0.071232371032238
[bmim]__[TPES]__R32__298.15__0.5494,1292,1292,[bmim],[TPES],R32,298.15,0.5494,0.445,FC(F)(F)C(F)(F)OC(F)C(F)(F)S(=O)(=O)[O-],C(CCC)[N+]1=CN(C=C1)C,C(F)F,Table S3. VLE HFCs,0.0009063589572906317,0.002587339999999938,-0.0016809810427093064,0.002587339999999938,0.44758733999999994,0.44590635895729064
[bmim]__[TPES]__R134a__283.05__0.2002,1300,1300,[bmim],[TPES],R134a,283.05,0.2002,0.466,FC(F)(F)C(F)(F)OC(F)C(F)(F)S(=O)(=O)[O-],C(CCC)[N+]1=CN(C=C1)C,C(C(F)(F)F)F,Table S3. VLE HFCs,0.016444322824478164,0.007588032000000078,0.008856290824478086,0.007588032000000078,0.45841196799999995,0.44955567717552186
[bmim]__[TPES]__R134a__298.1__0.2504,1309,1309,[bmim],[TPES],R134a,298.1,0.2504,0.368,FC(F)(F)C(F)(F)OC(F)C(F)(F)S(=O)(=O)[O-],C(CCC)[N+]1=CN(C=C1)C,C(C(F)(F)F)F,Table S3. VLE HFCs,0.008921795368194596,0.002589520000000012,0.006332275368194584,0.002589520000000012,0.36541048,0.3590782046318054
[bmim]__[TPES]__R134a__347.9__0.2006,1324,1324,[bmim],[TPES],R134a,347.9,0.2006,0.103,FC(F)(F)C(F)(F)OC(F)C(F)(F)S(=O)(=O)[O-],C(CCC)[N+]1=CN(C=C1)C,C(C(F)(F)F)F,Table S3. VLE HFCs,0.011034084737300873,0.006265885999999998,0.004768198737300874,0.006265885999999998,0.096734114,0.09196591526269912
[bmim]__[TTES]__R32__298.15__0.55,1332,1332,[bmim],[TTES],R32,298.15,0.55,0.428,FC(F)(F)OC(F)C(F)(F)S(=O)(=O)[O-],C(CCC)[N+]1=CN(C=C1)C,C(F)F,Table S3. VLE HFCs,0.005477246522903434,0.0013415999999999983,0.004135646522903436,0.0013415999999999983,0.4293416,0.42252275347709656
[bmim]__[TTES]__R134a__282.1__0.2002,1340,1340,[bmim],[TTES],R134a,282.1,0.2002,0.426,FC(F)(F)OC(F)C(F)(F)S(=O)(=O)[O-],C(CCC)[N+]1=CN(C=C1)C,C(C(F)(F)F)F,Table S3. VLE HFCs,0.003863204479217508,0.010081553999999993,-0.006218349520782485,0.010081553999999993,0.436081554,0.4221367955207825
[bmim]__[TTES]__R134a__323.15__0.1002,1354,1354,[bmim],[TTES],R134a,323.15,0.1002,0.076,FC(F)(F)OC(F)C(F)(F)S(=O)(=O)[O-],C(CCC)[N+]1=CN(C=C1)C,C(C(F)(F)F)F,Table S3. VLE HFCs,0.010381031990051262,0.003952742800000006,0.006428289190051256,0.003952742800000006,0.07204725719999999,0.06561896800994874
[bmim]__[TTES]__R134a__348.1__0.2504,1365,1365,[bmim],[TTES],R134a,348.1,0.2504,0.109,FC(F)(F)OC(F)C(F)(F)S(=O)(=O)[O-],C(CCC)[N+]1=CN(C=C1)C,C(C(F)(F)F)F,Table S3. VLE HFCs,0.013225713014602666,0.009838624000000004,0.003387089014602662,0.009838624000000004,0.099161376,0.09577428698539733
[hmim]__[BF4]__R134a__323__0.35,1395,1395,[hmim],[BF4],R134a,323.0,0.35,0.1768,F[B-](F)(F)F,C(CCCCC)[N+]1=CN(C=C1)C,C(C(F)(F)F)F,Table S3. VLE HFCs,0.05654387407302858,0.054426789,0.002117085073028574,0.054426789,0.12237321100000001,0.12025612592697144
[hmim]__[BF4]__R134a__348__1.344,1402,1402,[hmim],[BF4],R134a,348.0,1.344,0.3155,F[B-](F)(F)F,C(CCCCC)[N+]1=CN(C=C1)C,C(C(F)(F)F)F,Table S3. VLE HFCs,0.0713739068508148,0.06936357400000004,0.0020103328508147555,0.06936357400000004,0.38486357400000004,0.3868739068508148
[hmim]__[BF4]__R245fa__323.15__0.032,1421,1421,[hmim],[BF4],R245fa,323.15,0.032,0.0445,F[B-](F)(F)F,C(CCCCC)[N+]1=CN(C=C1)C,FC(F)(F)CC(F)F,Table S3. VLE HFCs,0.012993332028388982,0.011786467600000003,0.001206864428388979,0.011786467600000003,0.0562864676,0.05749333202838898
[hmim]__[BF4]__R245fa__343.15__0.125,1434,1434,[hmim],[BF4],R245fa,343.15,0.125,0.1051,F[B-](F)(F)F,C(CCCCC)[N+]1=CN(C=C1)C,FC(F)(F)CC(F)F,Table S3. VLE HFCs,0.04194930130839347,0.03687256700000001,0.005076734308393463,0.03687256700000001,0.06822743299999999,0.06315069869160653
[hmim]__[BF4]__R236fa__333.15__0.152,1452,1452,[hmim],[BF4],R236fa,333.15,0.152,0.0722,F[B-](F)(F)F,C(CCCCC)[N+]1=CN(C=C1)C,FC(F)(F)CC(F)(F)F,Table S3. VLE HFCs,0.005011803197860723,0.0027294948000000097,0.0022823083978607134,0.0027294948000000097,0.07492949480000001,0.07721180319786072
[hmim]__[BF4]__R236fa__333.15__0.184,1453,1453,[hmim],[BF4],R236fa,333.15,0.184,0.088,F[B-](F)(F)F,C(CCCCC)[N+]1=CN(C=C1)C,FC(F)(F)CC(F)(F)F,Table S3. VLE HFCs,0.005458915710449208,0.005554453600000009,-9.553788955080078e-05,0.005554453600000009,0.08244554639999999,0.08254108428955079
[hmim]__[BF4]__R227ea__323.15__0.258,1474,1474,[hmim],[BF4],R227ea,323.15,0.258,0.0861,F[B-](F)(F)F,C(CCCCC)[N+]1=CN(C=C1)C,FC(F)(F)C(F)C(F)(F)F,Table S3. VLE HFCs,0.0033263339161872796,0.019857741599999992,-0.016531407683812713,0.019857741599999992,0.0662422584,0.08277366608381272
[hmim]__[BF4]__R227ea__333.15__0.114,1475,1475,[hmim],[BF4],R227ea,333.15,0.114,0.0239,F[B-](F)(F)F,C(CCCCC)[N+]1=CN(C=C1)C,FC(F)(F)C(F)C(F)(F)F,Table S3. VLE HFCs,0.010354007786512371,0.0065472679999999985,0.0038067397865123725,0.0065472679999999985,0.030447268,0.03425400778651237
[hmim]__[Cl]__R32__298.15__1,1491,1491,[hmim],[Cl],R32,298.15,1.0,0.41,[Cl-],C(CCCCC)[N+]1=CN(C=C1)C,C(F)F,Table S3. VLE HFCs,0.053107007741928114,0.12730062000000003,-0.07419361225807192,0.12730062000000003,0.53730062,0.4631070077419281
[hmim]__[Cl]__R125__298.15__0.05,1492,1492,[hmim],[Cl],R125,298.15,0.05,0.04,[Cl-],C(CCCCC)[N+]1=CN(C=C1)C,C(F)(F)(C(F)(F)F),Table S3. VLE HFCs,0.004096079468727108,0.0255484422,-0.021452362731272892,0.0255484422,0.0655484422,0.04409607946872711
[hmim]__[FEP]__R32__303.1__0.06,1505,1505,[hmim],[FEP],R32,303.1,0.06,0.0734,F[P-](F)(F)(C(F)(F)C(F)(F)F)(C(F)(F)C(F)(F)F)C(F)(F)C(F)(F)F,C(CCCCC)[N+]1=CN(C=C1)C,C(F)F,Table S3. VLE HFCs,0.005895419156551354,0.0061244160000000075,-0.00022899684344865334,0.0061244160000000075,0.07952441600000001,0.07929541915655136
[hmim]__[FEP]__R32__343.2__0.493,1534,1534,[hmim],[FEP],R32,343.2,0.493,0.2507,F[P-](F)(F)(C(F)(F)C(F)(F)F)(C(F)(F)C(F)(F)F)C(F)(F)C(F)(F)F,C(CCCCC)[N+]1=CN(C=C1)C,C(F)F,Table S3. VLE HFCs,0.001397720050811735,0.01686493199999997,-0.015467211949188236,0.01686493199999997,0.233835068,0.24930227994918824
[hmim]__[FEP]__R32__298.15__0.05,1535,1535,[hmim],[FEP],R32,298.15,0.05,0.067,F[P-](F)(F)(C(F)(F)C(F)(F)F)(C(F)(F)C(F)(F)F)C(F)(F)C(F)(F)F,C(CCCCC)[N+]1=CN(C=C1)C,C(F)F,Table S3. VLE HFCs,0.011281489014625543,0.010726576999999987,0.0005549120146255554,0.010726576999999987,0.07772657699999999,0.07828148901462555
[hmim]__[FEP]__R32__298.15__0.1,1536,1536,[hmim],[FEP],R32,298.15,0.1,0.126,F[P-](F)(F)(C(F)(F)C(F)(F)F)(C(F)(F)C(F)(F)F)C(F)(F)C(F)(F)F,C(CCCCC)[N+]1=CN(C=C1)C,C(F)F,Table S3. VLE HFCs,0.0048393716812133725,0.004986221999999985,-0.00014685031878661214,0.004986221999999985,0.13098622199999999,0.13083937168121337
[hmim]__[FEP]__R161__313.1__0.054,1554,1554,[hmim],[FEP],R161,313.1,0.054,0.0889,F[P-](F)(F)(C(F)(F)C(F)(F)F)(C(F)(F)C(F)(F)F)C(F)(F)C(F)(F)F,C(CCCCC)[N+]1=CN(C=C1)C,CCF,Table S3. VLE HFCs,0.018361875271797168,0.021176563199999984,-0.0028146879282028164,0.021176563199999984,0.11007656319999999,0.10726187527179717
[hmim]__[FEP]__R161__313.1__0.353,1559,1559,[hmim],[FEP],R161,313.1,0.353,0.4529,F[P-](F)(F)(C(F)(F)C(F)(F)F)(C(F)(F)C(F)(F)F)C(F)(F)C(F)(F)F,C(CCCCC)[N+]1=CN(C=C1)C,CCF,Table S3. VLE HFCs,0.05016281166076664,0.010570978000000009,0.03959183366076663,0.010570978000000009,0.442329022,0.4027371883392334
[hmim]__[FEP]__R161__323.1__0.13,1561,1561,[hmim],[FEP],R161,323.1,0.13,0.1579,F[P-](F)(F)(C(F)(F)C(F)(F)F)(C(F)(F)C(F)(F)F)C(F)(F)C(F)(F)F,C(CCCCC)[N+]1=CN(C=C1)C,CCF,Table S3. VLE HFCs,0.0021776284933090195,0.004624537999999984,-0.002446909506690964,0.004624537999999984,0.162524538,0.16007762849330903
[hmim]__[FEP]__R161__333.1__0.077,1566,1566,[hmim],[FEP],R161,333.1,0.077,0.0701,F[P-](F)(F)(C(F)(F)C(F)(F)F)(C(F)(F)C(F)(F)F)C(F)(F)C(F)(F)F,C(CCCCC)[N+]1=CN(C=C1)C,CCF,Table S3. VLE HFCs,0.0163606335759163,0.017751861000000008,-0.0013912274240837075,0.017751861000000008,0.087851861,0.0864606335759163
[hmim]__[FEP]__R152a__293.2__0.031,1578,1578,[hmim],[FEP],R152a,293.2,0.031,0.1095,F[P-](F)(F)(C(F)(F)C(F)(F)F)(C(F)(F)C(F)(F)F)C(F)(F)C(F)(F)F,C(CCCCC)[N+]1=CN(C=C1)C,CC(F)F,Table S3. VLE HFCs,0.06446492063999175,0.05839667599999997,0.006068244639991782,0.05839667599999997,0.16789667599999997,0.17396492063999175
[hmim]__[FEP]__R152a__323.2__0.059,1596,1596,[hmim],[FEP],R152a,323.2,0.059,0.0852,F[P-](F)(F)(C(F)(F)C(F)(F)F)(C(F)(F)C(F)(F)F)C(F)(F)C(F)(F)F,C(CCCCC)[N+]1=CN(C=C1)C,CC(F)F,Table S3. VLE HFCs,0.02470887433290482,0.02164913680000001,0.0030597375329048104,0.02164913680000001,0.10684913680000001,0.10990887433290482
[hmim]__[FEP]__R152a__333.2__0.286,1605,1605,[hmim],[FEP],R152a,333.2,0.286,0.311,F[P-](F)(F)(C(F)(F)C(F)(F)F)(C(F)(F)C(F)(F)F)C(F)(F)C(F)(F)F,C(CCCCC)[N+]1=CN(C=C1)C,CC(F)F,Table S3. VLE HFCs,0.0049940183162689444,0.003324631999999994,0.0016693863162689504,0.003324631999999994,0.307675368,0.31599401831626894
[hmim]__[FEP]__R152a__343.2__0.079,1608,1608,[hmim],[FEP],R152a,343.2,0.079,0.0691,F[P-](F)(F)(C(F)(F)C(F)(F)F)(C(F)(F)C(F)(F)F)C(F)(F)C(F)(F)F,C(CCCCC)[N+]1=CN(C=C1)C,CC(F)F,Table S3. VLE HFCs,0.01742410954236985,0.017430876000000012,-6.76645763016126e-06,0.017430876000000012,0.086530876,0.08652410954236985
[hmim]__[FEP]__R134__283.1__0.2,1618,1618,[hmim],[FEP],R134,283.1,0.2,0.689,F[P-](F)(F)(C(F)(F)C(F)(F)F)(C(F)(F)C(F)(F)F)C(F)(F)C(F)(F)F,C(CCCCC)[N+]1=CN(C=C1)C,FC(F)C(F)F,Table S3. VLE HFCs,0.006485973358154373,0.021108620000000022,-0.014622646641845649,0.021108620000000022,0.71010862,0.6954859733581543
[hmim]__[FEP]__R134__298.08__0.05,1622,1622,[hmim],[FEP],R134,298.08,0.05,0.16,F[P-](F)(F)(C(F)(F)C(F)(F)F)(C(F)(F)C(F)(F)F)C(F)(F)C(F)(F)F,C(CCCCC)[N+]1=CN(C=C1)C,FC(F)C(F)F,Table S3. VLE HFCs,0.005507629513740536,0.01525848199999999,-0.009750852486259454,0.01525848199999999,0.175258482,0.16550762951374054
[hmim]__[FEP]__R134__298.02__0.15,1624,1624,[hmim],[FEP],R134,298.02,0.15,0.403,F[P-](F)(F)(C(F)(F)C(F)(F)F)(C(F)(F)C(F)(F)F)C(F)(F)C(F)(F)F,C(CCCCC)[N+]1=CN(C=C1)C,FC(F)C(F)F,Table S3. VLE HFCs,0.004532185077667283,0.006123053999999961,-0.0015908689223326777,0.006123053999999961,0.409123054,0.39846781492233274
[hmim]__[FEP]__R134__298.14__0.3,1627,1627,[hmim],[FEP],R134,298.14,0.3,0.656,F[P-](F)(F)(C(F)(F)C(F)(F)F)(C(F)(F)C(F)(F)F)C(F)(F)C(F)(F)F,C(CCCCC)[N+]1=CN(C=C1)C,FC(F)C(F)F,Table S3. VLE HFCs,0.03554618978500368,0.04710591399999997,-0.011559724214996292,0.04710591399999997,0.703105914,0.6915461897850037
[hmim]__[FEP]__R125__298.15__0.2,1647,1647,[hmim],[FEP],R125,298.15,0.2,0.142,F[P-](F)(F)(C(F)(F)C(F)(F)F)(C(F)(F)C(F)(F)F)C(F)(F)C(F)(F)F,C(CCCCC)[N+]1=CN(C=C1)C,C(F)(F)(C(F)(F)F),Table S3. VLE HFCs,0.05438774693012238,0.03859361000000003,0.015794136930122354,0.03859361000000003,0.18059361000000002,0.19638774693012237
[hmim]__[PF6]__R134a__298__0.304,1680,1680,[hmim],[PF6],R134a,298.0,0.304,0.3093,F[P-](F)(F)(F)(F)F,C(CCCCC)[N+]1=CN(C=C1)C,C(C(F)(F)F)F,Table S3. VLE HFCs,0.003984439897537273,0.008651673999999998,-0.004667234102462725,0.008651673999999998,0.317951674,0.30531556010246275
[hmim]__[PF6]__R134a__323__0.34,1685,1685,[hmim],[PF6],R134a,323.0,0.3399999999999999,0.1659,F[P-](F)(F)(F)(F)F,C(CCCCC)[N+]1=CN(C=C1)C,C(C(F)(F)F)F,Table S3. VLE HFCs,0.009680869245529161,0.00782202999999998,0.0018588392455291813,0.00782202999999998,0.15807797,0.15621913075447083
[hmim]__[Tf2N]__R32__302.7__0.1144,1698,1698,[hmim],[Tf2N],R32,302.7,0.1144,0.1114,FC(S(=O)(=O)[N-]S(=O)(=O)C(F)(F)F)(F)F,C(CCCCC)[N+]1=CN(C=C1)C,C(F)F,Table S3. VLE HFCs,0.013054297113418573,0.007215216800000007,0.005839080313418565,0.007215216800000007,0.10418478319999999,0.09834570288658143
[hmim]__[Tf2N]__R32__323.6__0.1615,1712,1712,[hmim],[Tf2N],R32,323.6,0.1615,0.1013,FC(S(=O)(=O)[N-]S(=O)(=O)C(F)(F)F)(F)F,C(CCCCC)[N+]1=CN(C=C1)C,C(F)F,Table S3. VLE HFCs,0.0018689442157745345,0.0009478602000000114,0.0009210840157745231,0.0009478602000000114,0.10224786020000001,0.09943105578422547
[hmim]__[Tf2N]__R32__342.9__0.3815,1727,1727,[hmim],[Tf2N],R32,342.9,0.3815,0.1687,FC(S(=O)(=O)[N-]S(=O)(=O)C(F)(F)F)(F)F,C(CCCCC)[N+]1=CN(C=C1)C,C(F)F,Table S3. VLE HFCs,0.0002030528068542592,0.004078446000000013,-0.003875393193145754,0.004078446000000013,0.172778446,0.16890305280685425
[hmim]__[Tf2N]__R32__344.1__1.1307,1731,1731,[hmim],[Tf2N],R32,344.1,1.1307,0.4046,FC(S(=O)(=O)[N-]S(=O)(=O)C(F)(F)F)(F)F,C(CCCCC)[N+]1=CN(C=C1)C,C(F)F,Table S3. VLE HFCs,0.015446453905105628,0.0013247899999999646,0.014121663905105664,0.0013247899999999646,0.40592479,0.3891535460948944
[hmim]__[Tf2N]__R161__312.3__0.1832,1745,1745,[hmim],[Tf2N],R161,312.3,0.1832,0.1835,FC(S(=O)(=O)[N-]S(=O)(=O)C(F)(F)F)(F)F,C(CCCCC)[N+]1=CN(C=C1)C,CCF,Table S3. VLE HFCs,0.001864127159118656,0.002862509999999985,-0.000998382840881329,0.002862509999999985,0.18636250999999998,0.18536412715911865
[hmim]__[Tf2N]__R161__323.1__0.1652,1754,1754,[hmim],[Tf2N],R161,323.1,0.1652,0.1335,FC(S(=O)(=O)[N-]S(=O)(=O)C(F)(F)F)(F)F,C(CCCCC)[N+]1=CN(C=C1)C,CCF,Table S3. VLE HFCs,0.001529937326908093,0.0009843830000000053,0.0005455543269080876,0.0009843830000000053,0.132515617,0.1350299373269081
[hmim]__[Tf2N]__R161__322.9__0.3265,1757,1757,[hmim],[Tf2N],R161,322.9,0.3265,0.2792,FC(S(=O)(=O)[N-]S(=O)(=O)C(F)(F)F)(F)F,C(CCCCC)[N+]1=CN(C=C1)C,CCF,Table S3. VLE HFCs,0.007470435333251979,0.008590156000000015,-0.0011197206667480364,0.008590156000000015,0.270609844,0.271729564666748
[hmim]__[Tf2N]__R161__332.2__0.1114,1763,1763,[hmim],[Tf2N],R161,332.2,0.1114,0.0765,FC(S(=O)(=O)[N-]S(=O)(=O)C(F)(F)F)(F)F,C(CCCCC)[N+]1=CN(C=C1)C,CCF,Table S3. VLE HFCs,0.0014419898986816476,0.0009215800000000052,0.0005204098986816424,0.0009215800000000052,0.07742158,0.07794198989868165
[hmim]__[Tf2N]__R161__343__0.673,1781,1781,[hmim],[Tf2N],R161,343.0,0.673,0.3567,FC(S(=O)(=O)[N-]S(=O)(=O)C(F)(F)F)(F)F,C(CCCCC)[N+]1=CN(C=C1)C,CCF,Table S3. VLE HFCs,0.029026105833053595,0.010411270000000028,0.018614835833053567,0.010411270000000028,0.34628873,0.3276738941669464
[hmim]__[Tf2N]__R152a__303.2__0.1154,1786,1786,[hmim],[Tf2N],R152a,303.2,0.1154,0.2122,FC(S(=O)(=O)[N-]S(=O)(=O)C(F)(F)F)(F)F,C(CCCCC)[N+]1=CN(C=C1)C,CC(F)F,Table S3. VLE HFCs,0.027575906229019176,0.024860344000000006,0.0027155622290191694,0.024860344000000006,0.187339656,0.18462409377098082
[hmim]__[Tf2N]__R152a__322.3__0.2096,1799,1799,[hmim],[Tf2N],R152a,322.3,0.2096,0.2402,FC(S(=O)(=O)[N-]S(=O)(=O)C(F)(F)F)(F)F,C(CCCCC)[N+]1=CN(C=C1)C,CC(F)F,Table S3. VLE HFCs,0.0176844616651535,0.01946676,-0.0017822983348464994,0.01946676,0.22073324,0.2225155383348465
[hmim]__[Tf2N]__R152a__343.4__0.3074,1811,1811,[hmim],[Tf2N],R152a,343.4,0.3074,0.2247,FC(S(=O)(=O)[N-]S(=O)(=O)C(F)(F)F)(F)F,C(CCCCC)[N+]1=CN(C=C1)C,CC(F)F,Table S3. VLE HFCs,0.01949131577014923,0.003449961999999973,0.016041353770149258,0.003449961999999973,0.22814996199999998,0.24419131577014924
[hmim]__[Tf2N]__R143a__303.5__0.2,1813,1813,[hmim],[Tf2N],R143a,303.5,0.2,0.0896,FC(S(=O)(=O)[N-]S(=O)(=O)C(F)(F)F)(F)F,C(CCCCC)[N+]1=CN(C=C1)C,CC(F)(F)F,Table S3. VLE HFCs,0.0008112622141838027,0.00572088979999999,-0.004909627585816187,0.00572088979999999,0.08387911020000001,0.0904112622141838
[hmim]__[Tf2N]__R143a__303.5__0.448,1815,1815,[hmim],[Tf2N],R143a,303.5,0.448,0.1936,FC(S(=O)(=O)[N-]S(=O)(=O)C(F)(F)F)(F)F,C(CCCCC)[N+]1=CN(C=C1)C,CC(F)(F)F,Table S3. VLE HFCs,0.0029602546930313223,0.012390347999999995,-0.009430093306968673,0.012390347999999995,0.205990348,0.19656025469303132
[hmim]__[Tf2N]__R143a__323.2__0.58,1832,1832,[hmim],[Tf2N],R143a,323.2,0.58,0.1745,FC(S(=O)(=O)[N-]S(=O)(=O)C(F)(F)F)(F)F,C(CCCCC)[N+]1=CN(C=C1)C,CC(F)(F)F,Table S3. VLE HFCs,0.01757002425193785,0.009499170000000029,0.00807085425193782,0.009499170000000029,0.18399917000000002,0.15692997574806214
[hmim]__[Tf2N]__R143a__332.8__1.381,1845,1845,[hmim],[Tf2N],R143a,332.8,1.381,0.3028,FC(S(=O)(=O)[N-]S(=O)(=O)C(F)(F)F)(F)F,C(CCCCC)[N+]1=CN(C=C1)C,CC(F)(F)F,Table S3. VLE HFCs,0.009967755985260007,0.009315929999999972,0.000651825985260035,0.009315929999999972,0.29348407000000004,0.31276775598526
[hmim]__[Tf2N]__R134a__298__0.523,1862,1862,[hmim],[Tf2N],R134a,298.0,0.523,0.6724,FC(S(=O)(=O)[N-]S(=O)(=O)C(F)(F)F)(F)F,C(CCCCC)[N+]1=CN(C=C1)C,C(C(F)(F)F)F,Table S3. VLE HFCs,0.08451606264114375,0.007785248000000022,0.07673081464114373,0.007785248000000022,0.664614752,0.5878839373588562
[hmim]__[Tf2N]__R134a__323__0.506,1870,1870,[hmim],[Tf2N],R134a,323.0,0.506,0.3577,FC(S(=O)(=O)[N-]S(=O)(=O)C(F)(F)F)(F)F,C(CCCCC)[N+]1=CN(C=C1)C,C(C(F)(F)F)F,Table S3. VLE HFCs,0.010751674365997332,0.012131985999999984,-0.0013803116340026511,0.012131985999999984,0.369831986,0.3469483256340027
[hmim]__[Tf2N]__R134a__323__0.612,1871,1871,[hmim],[Tf2N],R134a,323.0,0.612,0.4223,FC(S(=O)(=O)[N-]S(=O)(=O)C(F)(F)F)(F)F,C(CCCCC)[N+]1=CN(C=C1)C,C(C(F)(F)F)F,Table S3. VLE HFCs,0.020455337572097776,0.014068881999999894,0.006386455572097882,0.014068881999999894,0.4363688819999999,0.40184466242790223
[hmim]__[Tf2N]__R134a__323__1.062,1875,1875,[hmim],[Tf2N],R134a,323.0,1.0619999999999998,0.6807,FC(S(=O)(=O)[N-]S(=O)(=O)C(F)(F)F)(F)F,C(CCCCC)[N+]1=CN(C=C1)C,C(C(F)(F)F)F,Table S3. VLE HFCs,0.06373843736648555,0.022107608,0.041630829366485544,0.022107608,0.658592392,0.6169615626335144
[hmim]__[Tf2N]__R125__303.5__0.5435,1899,1899,[hmim],[Tf2N],R125,303.5,0.5435,0.3282,FC(S(=O)(=O)[N-]S(=O)(=O)C(F)(F)F)(F)F,C(CCCCC)[N+]1=CN(C=C1)C,C(F)(F)(C(F)(F)F),Table S3. VLE HFCs,0.008275442790985077,0.019304489999999952,-0.011029047209014875,0.019304489999999952,0.30889551000000004,0.3199245572090149
[hmim]__[Tf2N]__R125__332.5__0.6893,1915,1915,[hmim],[Tf2N],R125,332.5,0.6893,0.2135,FC(S(=O)(=O)[N-]S(=O)(=O)C(F)(F)F)(F)F,C(CCCCC)[N+]1=CN(C=C1)C,C(F)(F)(C(F)(F)F),Table S3. VLE HFCs,0.00916883146762848,0.0004023000000000221,0.008766531467628458,0.0004023000000000221,0.21309769999999997,0.20433116853237152
[hmim]__[Tf2N]__R125__342.8__0.5486,1920,1920,[hmim],[Tf2N],R125,342.8,0.5486,0.1399,FC(S(=O)(=O)[N-]S(=O)(=O)C(F)(F)F)(F)F,C(CCCCC)[N+]1=CN(C=C1)C,C(F)(F)(C(F)(F)F),Table S3. VLE HFCs,5.563089847565594e-05,0.0063699040000000096,-0.006314273101524354,0.0063699040000000096,0.146269904,0.13995563089847565
[hmim]__[Tf2N]__R245fa__303.15__0.031,1925,1925,[hmim],[Tf2N],R245fa,303.15,0.031,0.097,FC(S(=O)(=O)[N-]S(=O)(=O)C(F)(F)F)(F)F,C(CCCCC)[N+]1=CN(C=C1)C,FC(F)(F)CC(F)F,Table S3. VLE HFCs,0.006341409564018241,0.015523438800000011,-0.00918202923598177,0.015523438800000011,0.11252343880000001,0.10334140956401824
[hmim]__[Tf2N]__R245fa__323.15__0.046,1937,1937,[hmim],[Tf2N],R245fa,323.15,0.046,0.089,FC(S(=O)(=O)[N-]S(=O)(=O)C(F)(F)F)(F)F,C(CCCCC)[N+]1=CN(C=C1)C,FC(F)(F)CC(F)F,Table S3. VLE HFCs,0.0058115229606628405,0.00781625620000001,-0.0020047332393371697,0.00781625620000001,0.0968162562,0.09481152296066284
[hmim]__[Tf2N]__R245fa__323.15__0.091,1940,1940,[hmim],[Tf2N],R245fa,323.15,0.091,0.166,FC(S(=O)(=O)[N-]S(=O)(=O)C(F)(F)F)(F)F,C(CCCCC)[N+]1=CN(C=C1)C,FC(F)(F)CC(F)F,Table S3. VLE HFCs,0.043884981036186224,0.034572322000000044,0.00931265903618618,0.034572322000000044,0.13142767799999996,0.12211501896381378
[hmim]__[Tf2N]__R236fa__303.15__0.139,1959,1959,[hmim],[Tf2N],R236fa,303.15,0.139,0.279,FC(S(=O)(=O)[N-]S(=O)(=O)C(F)(F)F)(F)F,C(CCCCC)[N+]1=CN(C=C1)C,FC(F)(F)CC(F)(F)F,Table S3. VLE HFCs,0.05978499734401704,0.029353862000000036,0.030431135344017007,0.029353862000000036,0.249646138,0.21921500265598298
[hmim]__[Tf2N]__R236fa__323.15__0.086,1967,1967,[hmim],[Tf2N],R236fa,323.15,0.086,0.101,FC(S(=O)(=O)[N-]S(=O)(=O)C(F)(F)F)(F)F,C(CCCCC)[N+]1=CN(C=C1)C,FC(F)(F)CC(F)(F)F,Table S3. VLE HFCs,0.027880771994590742,0.014518074800000003,0.013362697194590739,0.014518074800000003,0.11551807480000001,0.12888077199459075
[hmim]__[Tf2N]__R236fa__333.15__0.267,1977,1977,[hmim],[Tf2N],R236fa,333.15,0.267,0.232,FC(S(=O)(=O)[N-]S(=O)(=O)C(F)(F)F)(F)F,C(CCCCC)[N+]1=CN(C=C1)C,FC(F)(F)CC(F)(F)F,Table S3. VLE HFCs,0.042098138451576256,0.023831376000000043,0.018266762451576213,0.023831376000000043,0.20816862399999997,0.18990186154842376
[hmim]__[Tf2N]__R227ea__303.15__0.21,1988,1988,[hmim],[Tf2N],R227ea,303.15,0.21,0.25,FC(S(=O)(=O)[N-]S(=O)(=O)C(F)(F)F)(F)F,C(CCCCC)[N+]1=CN(C=C1)C,FC(F)(F)C(F)C(F)(F)F,Table S3. VLE HFCs,0.008826163411140453,0.010949019999999976,-0.002122856588859523,0.010949019999999976,0.23905098000000002,0.24117383658885955
[hmim]__[Tf2N]__R227ea__313.15__0.298,1995,1995,[hmim],[Tf2N],R227ea,313.15,0.298,0.262,FC(S(=O)(=O)[N-]S(=O)(=O)C(F)(F)F)(F)F,C(CCCCC)[N+]1=CN(C=C1)C,FC(F)(F)C(F)C(F)(F)F,Table S3. VLE HFCs,0.013663967967033397,0.011679184000000009,0.0019847839670333878,0.011679184000000009,0.250320816,0.2483360320329666
[hmim]__[Tf2N]__R227ea__333.15__0.24,2004,2004,[hmim],[Tf2N],R227ea,333.15,0.24,0.122,FC(S(=O)(=O)[N-]S(=O)(=O)C(F)(F)F)(F)F,C(CCCCC)[N+]1=CN(C=C1)C,FC(F)(F)C(F)C(F)(F)F,Table S3. VLE HFCs,0.005345329523086556,0.0070716227999999964,-0.0017262932769134404,0.0070716227999999964,0.1149283772,0.12734532952308655
[C7mim]__[TFES]__R32__298.15__0.5497,2018,2018,[C7mim],[TFES],R32,298.15,0.5497,0.374,FC(F)C(F)(F)S(=O)(=O)[O-],C(CCCCCC)[N+]1=CN(C=C1)C,C(F)F,Table S3. VLE HFCs,0.018775845527648938,0.028374226000000058,-0.00959838047235112,0.028374226000000058,0.40237422600000006,0.39277584552764894
[omim]__[BEI]__R134a__343__0.049913,2035,2035,[omim],[BEI],R134a,343.0,0.049913,0.03736,FC(F)(F)C(F)(F)S(=O)(=O)[N-]S(=O)(=O)C(F)(F)C(F)(F)F,C(CCCCCCC)[N+]1=CN(C=C1)C,C(C(F)(F)F)F,Table S3. VLE HFCs,0.0030572532260417992,0.0009967890000000049,0.0020604642260417944,0.0009967890000000049,0.038356789,0.0404172532260418
[omim]__[BEI]__R134a__343__0.298714,2038,2038,[omim],[BEI],R134a,343.0,0.298714,0.1995,FC(F)(F)C(F)(F)S(=O)(=O)[N-]S(=O)(=O)C(F)(F)C(F)(F)F,C(CCCCCCC)[N+]1=CN(C=C1)C,C(C(F)(F)F)F,Table S3. VLE HFCs,0.007676478743553178,0.005666982000000015,0.002009496743553163,0.005666982000000015,0.193833018,0.19182352125644683
[omim]__[I]__R32__298__0.24971,2042,2042,[omim],[I],R32,298.0,0.24971,0.118,[I-],C(CCCCCCC)[N+]1=CN(C=C1)C,C(F)F,Table S3. VLE HFCs,0.05369172465801239,0.002700165800000015,0.050991558858012376,0.002700165800000015,0.12070016580000001,0.17169172465801238
[omim]__[Tf2N]__R134a__303__0.024892,2048,2048,[omim],[Tf2N],R134a,303.0,0.024892,0.03535,FC(S(=O)(=O)[N-]S(=O)(=O)C(F)(F)F)(F)F,C(CCCCCCC)[N+]1=CN(C=C1)C,C(C(F)(F)F)F,Table S3. VLE HFCs,0.010876232498884204,0.012240945000000003,-0.0013647125011157987,0.012240945000000003,0.047590945,0.046226232498884204
[omim]__[Tf2N]__R134a__343__0.024837,2060,2060,[omim],[Tf2N],R134a,343.0,0.024837,0.01607,FC(S(=O)(=O)[N-]S(=O)(=O)C(F)(F)F)(F)F,C(CCCCCCC)[N+]1=CN(C=C1)C,C(C(F)(F)F)F,Table S3. VLE HFCs,0.006162389077544211,0.005129753599999998,0.001032635477544213,0.005129753599999998,0.0211997536,0.022232389077544212
[omim]__[TFES]__R23__298.1__1.0007,2078,2078,[omim],[TFES],R23,298.1,1.0007,0.268,FC(F)C(F)(F)S(=O)(=O)[O-],C(CCCCCCC)[N+]1=CN(C=C1)C,C(F)(F)F,Table S3. VLE HFCs,0.0010025672912598038,0.0018312239999999647,-0.0008286567087401608,0.0018312239999999647,0.26616877600000005,0.2669974327087402
[omim]__[TFES]__R23__298.1__0.4999,2080,2080,[omim],[TFES],R23,298.1,0.4999,0.145,FC(F)C(F)(F)S(=O)(=O)[O-],C(CCCCCCC)[N+]1=CN(C=C1)C,C(F)(F)F,Table S3. VLE HFCs,0.01475213348865509,0.016027451999999998,-0.0012753185113449084,0.016027451999999998,0.161027452,0.15975213348865508
[omim]__[TFES]__R23__298.1__0.25,2081,2081,[omim],[TFES],R23,298.1,0.25,0.075,FC(F)C(F)(F)S(=O)(=O)[O-],C(CCCCCCC)[N+]1=CN(C=C1)C,C(F)(F)F,Table S3. VLE HFCs,0.0057205259799957275,0.0036497189999999957,0.002070806979995732,0.0036497189999999957,0.07864971899999999,0.08072052597999572
[omim]__[TFES]__R23__323.1__1.5009,2095,2095,[omim],[TFES],R23,323.1,1.5009,0.262,FC(F)C(F)(F)S(=O)(=O)[O-],C(CCCCCCC)[N+]1=CN(C=C1)C,C(F)(F)F,Table S3. VLE HFCs,0.002422598481178262,0.011020665999999957,-0.008598067518821695,0.011020665999999957,0.25097933400000005,0.2644225984811783
[doim]__[I]__R32__298__1.00024,2110,2110,[doim],[I],R32,298.0,1.00024,0.468,[I-],CCCCCCCCn1cc[n+](CCCCCCCC)c1,C(F)F,Table S3. VLE HFCs,0.01833882999420161,0.02794332000000005,-0.009604490005798438,0.02794332000000005,0.44005668,0.48633882999420164
[C8H4F13C1im]__[BEI]__R134a__323__0.199951,2120,2120,[C8H4F13C1im],[BEI],R134a,323.0,0.199951,0.20583,FC(F)(F)C(F)(F)S(=O)(=O)[N-]S(=O)(=O)C(F)(F)C(F)(F)F,FC(F)(F)C(F)(F)C(F)(F)C(F)(F)C(F)(F)C(F)(F)CCn1cc[n+](C)c1,C(C(F)(F)F)F,Table S3. VLE HFCs,0.0038130503463745247,0.002614272000000001,0.0011987783463745239,0.002614272000000001,0.208444272,0.2020169496536255
[C8H4F13C1im]__[BEI]__R134a__343__0.024864,2123,2123,[C8H4F13C1im],[BEI],R134a,343.0,0.024864,0.02158,FC(F)(F)C(F)(F)S(=O)(=O)[N-]S(=O)(=O)C(F)(F)C(F)(F)F,FC(F)(F)C(F)(F)C(F)(F)C(F)(F)C(F)(F)C(F)(F)CCn1cc[n+](C)c1,C(C(F)(F)F)F,Table S3. VLE HFCs,0.015098676307201384,0.009743725399999997,0.005354950907201388,0.009743725399999997,0.031323725399999995,0.03667867630720138
[C8H4F13C1im]__[Tf2N]__R134a__303__0.19885,2132,2132,[C8H4F13C1im],[Tf2N],R134a,303.0,0.19885,0.28974,FC(S(=O)(=O)[N-]S(=O)(=O)C(F)(F)F)(F)F,FC(F)(F)C(F)(F)C(F)(F)C(F)(F)C(F)(F)C(F)(F)CCn1cc[n+](C)c1,C(C(F)(F)F)F,Table S3. VLE HFCs,0.019863490095138547,0.013747875999999992,0.006115614095138555,0.013747875999999992,0.275992124,0.26987650990486145
[C8H4F13C1im]__[Tf2N]__R134a__303__0.34931,2134,2134,[C8H4F13C1im],[Tf2N],R134a,303.0,0.34931,0.4586,FC(S(=O)(=O)[N-]S(=O)(=O)C(F)(F)F)(F)F,FC(F)(F)C(F)(F)C(F)(F)C(F)(F)C(F)(F)C(F)(F)CCn1cc[n+](C)c1,C(C(F)(F)F)F,Table S3. VLE HFCs,0.04059133872985843,0.008323994000000001,0.03226734472985843,0.008323994000000001,0.450276006,0.4180086612701416
[dmim]__[TFES]__R32__298.15__0.5481,2151,2151,[dmim],[TFES],R32,298.15,0.5481,0.357,FC(F)C(F)(F)S(=O)(=O)[O-],C(CCCCCCCCC)[N+]1=CN(C=C1)C,C(F)F,Table S3. VLE HFCs,0.028150867700576787,0.054083828000000056,-0.02593296029942327,0.054083828000000056,0.41108382800000004,0.38515086770057677
[dmpim]__[Tf2N]__R32__298.15__1.0011,2162,2162,[dmpim],[Tf2N],R32,298.15,1.0011,0.6509999999999999,FC(S(=O)(=O)[N-]S(=O)(=O)C(F)(F)F)(F)F,CCCn1cc[n+](C)c1C,C(F)F,Table S3. VLE HFCs,0.021731246471405008,0.0026491920000000224,0.019082054471404986,0.0026491920000000224,0.648350808,0.629268753528595
[dmpim]__[TMeM]__R32__283.15__0.6997,2168,2168,[dmpim],[TMeM],R32,283.15,0.6997,0.7,FC(F)(F)S(=O)(=O)[C-](S(=O)(=O)C(F)(F)F)S(=O)(=O)C(F)(F)F,CCCn1cc[n+](C)c1C,C(F)F,Table S3. VLE HFCs,0.013754224777221657,0.023727598000000016,-0.009973373222778359,0.023727598000000016,0.6762724019999999,0.6862457752227783
[dmpim]__[TMeM]__R32__348.05__0.0094,2186,2186,[dmpim],[TMeM],R32,348.05,0.0094,0.0,FC(F)(F)S(=O)(=O)[C-](S(=O)(=O)C(F)(F)F)S(=O)(=O)C(F)(F)F,CCCn1cc[n+](C)c1C,C(F)F,Table S3. VLE HFCs,0.01350397728383541,0.005564422960000001,0.00793955432383541,0.005564422960000001,0.005564422960000001,0.01350397728383541
[dmpim]__[TMeM]__R32__348.05__0.2504,2188,2188,[dmpim],[TMeM],R32,348.05,0.2504,0.088,FC(F)(F)S(=O)(=O)[C-](S(=O)(=O)C(F)(F)F)S(=O)(=O)C(F)(F)F,CCCn1cc[n+](C)c1C,C(F)F,Table S3. VLE HFCs,0.019229214906692507,0.013744059800000014,0.005485155106692494,0.013744059800000014,0.10174405980000001,0.1072292149066925
[dmpim]__[TMeM]__R134__323.13__0.1,2211,2211,[dmpim],[TMeM],R134,323.13,0.1,0.145,FC(F)(F)S(=O)(=O)[C-](S(=O)(=O)C(F)(F)F)S(=O)(=O)C(F)(F)F,CCCn1cc[n+](C)c1C,FC(F)C(F)F,Table S3. VLE HFCs,0.008010713458061203,0.008069240000000005,-5.852654193880258e-05,0.008069240000000005,0.13693075999999998,0.1369892865419388
[dmpim]__[TMeM]__R134__323.11__0.15,2212,2212,[dmpim],[TMeM],R134,323.11,0.15,0.215,FC(F)(F)S(=O)(=O)[C-](S(=O)(=O)C(F)(F)F)S(=O)(=O)C(F)(F)F,CCCn1cc[n+](C)c1C,FC(F)C(F)F,Table S3. VLE HFCs,0.008724071979522713,0.009590061999999983,-0.0008659900204772697,0.009590061999999983,0.20540993800000001,0.20627592802047728
[dmpim]__[TMeM]__R134__323.1__0.2,2213,2213,[dmpim],[TMeM],R134,323.1,0.2,0.278,FC(F)(F)S(=O)(=O)[C-](S(=O)(=O)C(F)(F)F)S(=O)(=O)C(F)(F)F,CCCn1cc[n+](C)c1C,FC(F)C(F)F,Table S3. VLE HFCs,0.005264279127121019,0.004823746000000018,0.0004405331271210011,0.004823746000000018,0.273176254,0.272735720872879
[empy]__[PFBS]__R32__303.15__0.2507,2228,2228,[empy],[PFBS],R32,303.15,0.2507,0.2003,FC(F)(F)C(F)(F)C(F)(F)C(F)(F)S(=O)(=O)[O-],CC[n+]1cccc(C)c1,C(F)F,Table S3. VLE HFCs,0.0024983534097671456,0.004605000000000026,-0.00210664659023288,0.004605000000000026,0.19569499999999998,0.19780164659023286
[empy]__[PFBS]__R134a__303.15__0.4017,2242,2242,[empy],[PFBS],R134a,303.15,0.4017,0.4176,FC(F)(F)C(F)(F)C(F)(F)C(F)(F)S(=O)(=O)[O-],CC[n+]1cccc(C)c1,C(C(F)(F)F)F,Table S3. VLE HFCs,0.00915535082817076,0.01968737599999998,-0.010532025171829218,0.01968737599999998,0.437287376,0.4267553508281708
[empy]__[PFBS]__R125__303.15__0.3499,2251,2251,[empy],[PFBS],R125,303.15,0.3499,0.2687,FC(F)(F)C(F)(F)C(F)(F)C(F)(F)S(=O)(=O)[O-],CC[n+]1cccc(C)c1,C(F)(F)(C(F)(F)F),Table S3. VLE HFCs,0.010931088876724226,0.012894860000000008,-0.0019637711232757815,0.012894860000000008,0.25580514,0.25776891112327577
[pmpy]__[Tf2N]__R32__298.05__0.8496,2268,2268,[pmpy],[Tf2N],R32,298.05,0.8496,0.58,FC(S(=O)(=O)[N-]S(=O)(=O)C(F)(F)F)(F)F,C(CC)[N+]1=CC(=CC=C1)C,C(F)F,Table S3. VLE HFCs,0.012682147026062074,0.01080292000000005,0.0018792270260620247,0.01080292000000005,0.59080292,0.592682147026062
[pmpy]__[Tf2N]__R32__348.05__0.1002,2279,2279,[pmpy],[Tf2N],R32,348.05,0.1002,0.037,FC(S(=O)(=O)[N-]S(=O)(=O)C(F)(F)F)(F)F,C(CC)[N+]1=CC(=CC=C1)C,C(F)F,Table S3. VLE HFCs,0.010947565466165543,0.00721945580000001,0.0037281096661655327,0.00721945580000001,0.04421945580000001,0.04794756546616554
[pmpy]__[Tf2N]__R32__348.05__0.2502,2280,2280,[pmpy],[Tf2N],R32,348.05,0.2502,0.09,FC(S(=O)(=O)[N-]S(=O)(=O)C(F)(F)F)(F)F,C(CC)[N+]1=CC(=CC=C1)C,C(F)F,Table S3. VLE HFCs,0.005396313071250922,0.0007529091999999987,0.004643403871250923,0.0007529091999999987,0.0907529092,0.09539631307125092
[pmpy]__[Tf2N]__R134__298.14__0.05,2294,2294,[pmpy],[Tf2N],R134,298.14,0.05,0.161,FC(S(=O)(=O)[N-]S(=O)(=O)C(F)(F)F)(F)F,C(CC)[N+]1=CC(=CC=C1)C,FC(F)C(F)F,Table S3. VLE HFCs,0.007143332004547115,0.007531334000000001,-0.0003880019954528857,0.007531334000000001,0.153468666,0.16814333200454712
[pmpy]__[Tf2N]__R134__298.02__0.15,2296,2296,[pmpy],[Tf2N],R134,298.02,0.15,0.403,FC(S(=O)(=O)[N-]S(=O)(=O)C(F)(F)F)(F)F,C(CC)[N+]1=CC(=CC=C1)C,FC(F)C(F)F,Table S3. VLE HFCs,0.003758689880371091,0.010415138000000046,-0.006656448119628955,0.010415138000000046,0.392584862,0.4067586898803711
[pmpy]__[Tf2N]__R134__348.13__0.2,2313,2313,[pmpy],[Tf2N],R134,348.13,0.2,0.16,FC(S(=O)(=O)[N-]S(=O)(=O)C(F)(F)F)(F)F,C(CC)[N+]1=CC(=CC=C1)C,FC(F)C(F)F,Table S3. VLE HFCs,0.0012990450859069747,0.007847731999999996,-0.0065486869140930215,0.007847731999999996,0.152152268,0.15870095491409303
[bmpy]__[Tf2N]__R32__298.15__0.0096,2317,2317,[bmpy],[Tf2N],R32,298.15,0.0096,0.01,FC(S(=O)(=O)[N-]S(=O)(=O)C(F)(F)F)(F)F,CCCC[n+]1cccc(C)c1,C(F)F,Table S3. VLE HFCs,0.021996645033359526,0.0204592558,0.0015373892333595263,0.0204592558,0.0304592558,0.03199664503335953
[P44414]__[HFPS]__R134a__283.15__0.2,2359,2359,[P44414],[HFPS],R134a,283.15,0.2,0.494,FC(F)(F)C(F)C(F)(F)S(=O)(=O)[O-],CCCC[P+](CCCC)(CCCC)CCCCCCCCCCCCCC,C(C(F)(F)F)F,Table S3. VLE HFCs,0.0050640401840210125,0.008129143999999977,-0.0030651038159789645,0.008129143999999977,0.485870856,0.499064040184021
[P44414]__[HFPS]__R134a__283.15__0.3002,2361,2361,[P44414],[HFPS],R134a,283.15,0.3002,0.672,FC(F)(F)C(F)C(F)(F)S(=O)(=O)[O-],CCCC[P+](CCCC)(CCCC)CCCCCCCCCCCCCC,C(C(F)(F)F)F,Table S3. VLE HFCs,0.046726390838623066,0.03439511000000006,0.012331280838623004,0.03439511000000006,0.63760489,0.625273609161377
[P44414]__[HFPS]__R134a__298.1__0.2002,2367,2367,[P44414],[HFPS],R134a,298.1,0.2002,0.35,FC(F)(F)C(F)C(F)(F)S(=O)(=O)[O-],CCCC[P+](CCCC)(CCCC)CCCCCCCCCCCCCC,C(C(F)(F)F)F,Table S3. VLE HFCs,0.021278089284896884,0.002098594000000009,0.019179495284896875,0.002098594000000009,0.34790140599999997,0.37127808928489686
[P66614]__[TMPP]__R32__302.8__0.3899,2419,2419,[P66614],[TMPP],R32,302.8,0.3899,0.3258,CC(C)(C)CC(C)CCP(=O)([O-])CC(C)CC(C)(C)C,CCCCCC[P+](CCCCCC)(CCCCCC)CCCCCCCCCCCCCC,C(F)F,Table S3. VLE HFCs,0.037320687007904085,0.005588914000000056,0.03173177300790403,0.005588914000000056,0.33138891400000003,0.36312068700790406
[P66614]__[TMPP]__R32__313.7__0.4541,2425,2425,[P66614],[TMPP],R32,313.7,0.4541,0.3073,CC(C)(C)CC(C)CCP(=O)([O-])CC(C)CC(C)(C)C,CCCCCC[P+](CCCCCC)(CCCCCC)CCCCCCCCCCCCCC,C(F)F,Table S3. VLE HFCs,0.032111103725433354,0.002039512000000021,0.030071591725433333,0.002039512000000021,0.30933951200000004,0.33941110372543337
[P66614]__[TMPP]__R32__333.6__0.5639,2437,2437,[P66614],[TMPP],R32,333.6,0.5639,0.2781,CC(C)(C)CC(C)CCP(=O)([O-])CC(C)CC(C)(C)C,CCCCCC[P+](CCCCCC)(CCCCCC)CCCCCCCCCCCCCC,C(F)F,Table S3. VLE HFCs,0.02074416460990902,0.004247796000000026,0.016496368609908996,0.004247796000000026,0.273852204,0.29884416460990904
[P66614]__[TMPP]__R161__302.9__0.27,2450,2450,[P66614],[TMPP],R161,302.9,0.27,0.411,CC(C)(C)CC(C)CCP(=O)([O-])CC(C)CC(C)(C)C,CCCCCC[P+](CCCCCC)(CCCCCC)CCCCCCCCCCCCCC,CCF,Table S3. VLE HFCs,0.06421445465087888,0.01315180399999999,0.051062650650878894,0.01315180399999999,0.42415180399999997,0.3467855453491211
[P66614]__[TMPP]__R161__312.6__0.317,2456,2456,[P66614],[TMPP],R161,312.6,0.317,0.395,CC(C)(C)CC(C)CCP(=O)([O-])CC(C)CC(C)(C)C,CCCCCC[P+](CCCCCC)(CCCCCC)CCCCCCCCCCCCCC,CCF,Table S3. VLE HFCs,0.05361089229583743,0.017664005999999954,0.03594688629583748,0.017664005999999954,0.41266400599999997,0.3413891077041626
[P66614]__[TMPP]__R161__323.9__0.374,2462,2462,[P66614],[TMPP],R161,323.9,0.374,0.391,CC(C)(C)CC(C)CCP(=O)([O-])CC(C)CC(C)(C)C,CCCCCC[P+](CCCCCC)(CCCCCC)CCCCCCCCCCCCCC,CCF,Table S3. VLE HFCs,0.05913387870788578,0.0067714379999999075,0.05236244070788587,0.0067714379999999075,0.3977714379999999,0.33186612129211424
[P66614]__[TMPP]__R152a__302.5__0.102,2478,2478,[P66614],[TMPP],R152a,302.5,0.102,0.191,CC(C)(C)CC(C)CCP(=O)([O-])CC(C)CC(C)(C)C,CCCCCC[P+](CCCCCC)(CCCCCC)CCCCCCCCCCCCCC,CC(F)F,Table S3. VLE HFCs,0.01363566851615905,0.0060184219999999955,0.007617246516159054,0.0060184219999999955,0.184981578,0.17736433148384095
[P66614]__[TMPP]__R152a__332.6__0.173,2496,2496,[P66614],[TMPP],R152a,332.6,0.173,0.148,CC(C)(C)CC(C)CCP(=O)([O-])CC(C)CC(C)(C)C,CCCCCC[P+](CCCCCC)(CCCCCC)CCCCCCCCCCCCCC,CC(F)F,Table S3. VLE HFCs,0.0002951641082763745,0.006523379999999995,-0.006228215891723621,0.006523379999999995,0.15452338,0.14829516410827637
[P66614]__[TMPP]__R152a__343.2__0.504,2505,2505,[P66614],[TMPP],R152a,343.2,0.504,0.272,CC(C)(C)CC(C)CCP(=O)([O-])CC(C)CC(C)(C)C,CCCCCC[P+](CCCCCC)(CCCCCC)CCCCCCCCCCCCCC,CC(F)F,Table S3. VLE HFCs,0.036337998390197745,0.04114657999999999,-0.004808581609802243,0.04114657999999999,0.31314658,0.30833799839019777
[P66614]__[TMPP]__R143a__313.9__0.889,2518,2518,[P66614],[TMPP],R143a,313.9,0.889,0.371,CC(C)(C)CC(C)CCP(=O)([O-])CC(C)CC(C)(C)C,CCCCCC[P+](CCCCCC)(CCCCCC)CCCCCCCCCCCCCC,CC(F)(F)F,Table S3. VLE HFCs,0.01797407484054564,0.01175045800000002,0.0062236168405456205,0.01175045800000002,0.359249542,0.35302592515945436
[P66614]__[TMPP]__R143a__323.6__0.63,2522,2522,[P66614],[TMPP],R143a,323.6,0.63,0.254,CC(C)(C)CC(C)CCP(=O)([O-])CC(C)CC(C)(C)C,CCCCCC[P+](CCCCCC)(CCCCCC)CCCCCCCCCCCCCC,CC(F)(F)F,Table S3. VLE HFCs,0.009689311027526848,0.0008887499999999937,0.008800561027526854,0.0008887499999999937,0.25311125,0.24431068897247316
[P66614]__[TMPP]__R143a__332.7__0.329,2526,2526,[P66614],[TMPP],R143a,332.7,0.329,0.139,CC(C)(C)CC(C)CCP(=O)([O-])CC(C)CC(C)(C)C,CCCCCC[P+](CCCCCC)(CCCCCC)CCCCCCCCCCCCCC,CC(F)(F)F,Table S3. VLE HFCs,0.0028183296918868894,0.010033316000000042,-0.007214986308113153,0.010033316000000042,0.12896668399999997,0.1418183296918869
[P66614]__[TMPP]__R134a__303.5__0.343,2540,2540,[P66614],[TMPP],R134a,303.5,0.343,0.432,CC(C)(C)CC(C)CCP(=O)([O-])CC(C)CC(C)(C)C,CCCCCC[P+](CCCCCC)(CCCCCC)CCCCCCCCCCCCCC,C(C(F)(F)F)F,Table S3. VLE HFCs,0.0456540517807007,0.02433318999999995,0.02132086178070075,0.02433318999999995,0.45633318999999994,0.4776540517807007
[P66614]__[TMPP]__R134a__302.9__0.406,2542,2542,[P66614],[TMPP],R134a,302.9,0.406,0.488,CC(C)(C)CC(C)CCP(=O)([O-])CC(C)CC(C)(C)C,CCCCCC[P+](CCCCCC)(CCCCCC)CCCCCCCCCCCCCC,C(C(F)(F)F)F,Table S3. VLE HFCs,0.03556255054473878,0.021715676000000128,0.013846874544738652,0.021715676000000128,0.5097156760000001,0.5235625505447388
[P66614]__[TMPP]__R134a__322.6__0.606,2554,2554,[P66614],[TMPP],R134a,322.6,0.606,0.445,CC(C)(C)CC(C)CCP(=O)([O-])CC(C)CC(C)(C)C,CCCCCC[P+](CCCCCC)(CCCCCC)CCCCCCCCCCCCCC,C(C(F)(F)F)F,Table S3. VLE HFCs,0.013998185396194462,0.00433585799999997,0.009662327396194492,0.00433585799999997,0.449335858,0.45899818539619447
[P66614]__[TMPP]__R134a__342.7__0.312,2561,2561,[P66614],[TMPP],R134a,342.7,0.312,0.199,CC(C)(C)CC(C)CCP(=O)([O-])CC(C)CC(C)(C)C,CCCCCC[P+](CCCCCC)(CCCCCC)CCCCCCCCCCCCCC,C(C(F)(F)F)F,Table S3. VLE HFCs,0.028432474493980398,0.015076401999999961,0.013356072493980436,0.015076401999999961,0.21407640199999997,0.2274324744939804
[P66614]__[TMPP]__R125__303.5__0.114,2567,2567,[P66614],[TMPP],R125,303.5,0.114,0.202,CC(C)(C)CC(C)CCP(=O)([O-])CC(C)CC(C)(C)C,CCCCCC[P+](CCCCCC)(CCCCCC)CCCCCCCCCCCCCC,C(F)(F)(C(F)(F)F),Table S3. VLE HFCs,0.005001316547393775,0.0038628739999999884,0.0011384425473937865,0.0038628739999999884,0.19813712600000002,0.2070013165473938
[P66614]__[TMPP]__R125__343.2__0.847,2591,2591,[P66614],[TMPP],R125,343.2,0.847,0.451,CC(C)(C)CC(C)CCP(=O)([O-])CC(C)CC(C)(C)C,CCCCCC[P+](CCCCCC)(CCCCCC)CCCCCCCCCCCCCC,C(F)(F)(C(F)(F)F),Table S3. VLE HFCs,0.03137402033805847,0.04313393800000004,-0.011759917661941566,0.04313393800000004,0.407866062,0.41962597966194154
[P66614]__[TMPP]__R245fa__313.1__0.0579,2605,2605,[P66614],[TMPP],R245fa,313.1,0.0579,0.1373,CC(C)(C)CC(C)CCP(=O)([O-])CC(C)CC(C)(C)C,CCCCCC[P+](CCCCCC)(CCCCCC)CCCCCCCCCCCCCC,FC(F)(F)CC(F)F,Table S3. VLE HFCs,0.0006056029677391217,0.011337969199999992,-0.01073236623226087,0.011337969199999992,0.1259620308,0.13669439703226088
[P66614]__[TMPP]__R245fa__313.1__0.0904,2607,2607,[P66614],[TMPP],R245fa,313.1,0.0904,0.2013,CC(C)(C)CC(C)CCP(=O)([O-])CC(C)CC(C)(C)C,CCCCCC[P+](CCCCCC)(CCCCCC)CCCCCCCCCCCCCC,FC(F)(F)CC(F)F,Table S3. VLE HFCs,0.024853842306137103,0.03663034400000001,-0.011776501693862906,0.03663034400000001,0.164669656,0.1764461576938629
[P66614]__[TMPP]__R245fa__333.1__0.155,2620,2620,[P66614],[TMPP],R245fa,333.1,0.155,0.2066,CC(C)(C)CC(C)CCP(=O)([O-])CC(C)CC(C)(C)C,CCCCCC[P+](CCCCCC)(CCCCCC)CCCCCCCCCCCCCC,FC(F)(F)CC(F)F,Table S3. VLE HFCs,0.02476693842411043,0.029195736,-0.00442879757588957,0.029195736,0.177404264,0.18183306157588958
[P66614]__[TMPP]__R236fa__292.9__0.0233,2623,2623,[P66614],[TMPP],R236fa,292.9,0.0233,0.0952,CC(C)(C)CC(C)CCP(=O)([O-])CC(C)CC(C)(C)C,CCCCCC[P+](CCCCCC)(CCCCCC)CCCCCCCCCCCCCC,FC(F)(F)CC(F)(F)F,Table S3. VLE HFCs,0.10295821647644043,0.07608652999999999,0.02687168647644045,0.07608652999999999,0.17128653,0.19815821647644044
[P66614]__[TMPP]__R236fa__312.9__0.0592,2636,2636,[P66614],[TMPP],R236fa,312.9,0.0592,0.1379,CC(C)(C)CC(C)CCP(=O)([O-])CC(C)CC(C)(C)C,CCCCCC[P+](CCCCCC)(CCCCCC)CCCCCCCCCCCCCC,FC(F)(F)CC(F)(F)F,Table S3. VLE HFCs,0.03164656243324279,0.00209437400000001,0.029552188433242782,0.00209437400000001,0.139994374,0.1695465624332428
[P66614]__[TMPP]__R236fa__332.4__0.1778,2649,2649,[P66614],[TMPP],R236fa,332.4,0.1778,0.2159,CC(C)(C)CC(C)CCP(=O)([O-])CC(C)CC(C)(C)C,CCCCCC[P+](CCCCCC)(CCCCCC)CCCCCCCCCCCCCC,FC(F)(F)CC(F)(F)F,Table S3. VLE HFCs,0.012379444575309734,0.002336720000000042,0.010042724575309692,0.002336720000000042,0.21356327999999997,0.22827944457530974
[P66614]__[TMPP]__R227ea__313.4__0.0245,2662,2662,[P66614],[TMPP],R227ea,313.4,0.0245,0.104,CC(C)(C)CC(C)CCP(=O)([O-])CC(C)CC(C)(C)C,CCCCCC[P+](CCCCCC)(CCCCCC)CCCCCCCCCCCCCC,FC(F)(F)C(F)C(F)(F)F,Table S3. VLE HFCs,0.07107613003253936,0.06686917800000002,0.004206952032539346,0.06686917800000002,0.170869178,0.17507613003253936
[P66614]__[TMPP]__R227ea__313.7__0.1934,2666,2666,[P66614],[TMPP],R227ea,313.7,0.1934,0.4383,CC(C)(C)CC(C)CCP(=O)([O-])CC(C)CC(C)(C)C,CCCCCC[P+](CCCCCC)(CCCCCC)CCCCCCCCCCCCCC,FC(F)(F)C(F)C(F)(F)F,Table S3. VLE HFCs,0.022011576461792026,0.015522082000000048,0.006489494461791978,0.015522082000000048,0.422777918,0.416288423538208
[P66614]__[TPES]__R134a__282.85__0.3,2683,2683,[P66614],[TPES],R134a,282.85,0.3,0.718,FC(F)(F)C(F)(F)OC(F)C(F)(F)S(=O)(=O)[O-],CCCCCC[P+](CCCCCC)(CCCCCC)CCCCCCCCCCCCCC,C(C(F)(F)F)F,Table S3. VLE HFCs,0.0931715064048767,0.03660730999999995,0.056564196404876754,0.03660730999999995,0.68139269,0.6248284935951233
[P66614]__[TPES]__R134a__298.1__0.1,2687,2687,[P66614],[TPES],R134a,298.1,0.1,0.228,FC(F)(F)C(F)(F)OC(F)C(F)(F)S(=O)(=O)[O-],CCCCCC[P+](CCCCCC)(CCCCCC)CCCCCCCCCCCCCC,C(C(F)(F)F)F,Table S3. VLE HFCs,0.026623636364936837,0.019120739999999997,0.00750289636493684,0.019120739999999997,0.20887926,0.20137636363506317
[P66614]__[TPES]__R134a__298.1__0.3504,2692,2692,[P66614],[TPES],R134a,298.1,0.3504,0.574,FC(F)(F)C(F)(F)OC(F)C(F)(F)S(=O)(=O)[O-],CCCCCC[P+](CCCCCC)(CCCCCC)CCCCCCCCCCCCCC,C(C(F)(F)F)F,Table S3. VLE HFCs,0.042819332122802645,0.00046112800000008836,0.042358204122802556,0.00046112800000008836,0.574461128,0.5311806678771973
