dataset,split,mode,quantile,n_samples,sigma_range,mean_sigma,mean_mae
M1_LORO,loro_R125,M0,Q1,43,"[0.0061, 0.0246]",0.019088683995263377,0.037932848131695625
M1_LORO,loro_R125,M0,Q2,42,"[0.0246, 0.0289]",0.026892317257549238,0.07833839320533334
M1_LORO,loro_R125,M0,Q3,42,"[0.0289, 0.0352]",0.03099375846142069,0.10172167834604073
M1_LORO,loro_R125,M0,Q4,43,"[0.0352, 0.0697]",0.044565755429317865,0.16516761988141512
M1_LORO,loro_R125,Mreduced,Q1,43,"[0.0006, 0.0180]",0.012400468716766028,0.019628771828205948
M1_LORO,loro_R125,Mreduced,Q2,42,"[0.0180, 0.0266]",0.022942814665033798,0.018974719762003843
M1_LORO,loro_R125,Mreduced,Q3,42,"[0.0266, 0.0381]",0.03257206708233439,0.04256320953635233
M1_LORO,loro_R125,Mreduced,Q4,43,"[0.0381, 0.1071]",0.056677425925825364,0.04044037397171176
M1_LORO,loro_R134,M0,Q1,23,"[0.0000, 0.0281]",0.01148016242306255,0.08116286669898291
M1_LORO,loro_R134,M0,Q2,23,"[0.0281, 0.1080]",0.06220760828140503,0.13619831459515772
M1_LORO,loro_R134,M0,Q3,23,"[0.1080, 0.1540]",0.1317731134236525,0.16318388872820397
M1_LORO,loro_R134,M0,Q4,23,"[0.1540, 0.2320]",0.1871475031280814,0.3120632839267669
M1_LORO,loro_R134,Mreduced,Q1,23,"[0.0050, 0.0199]",0.014870848680943282,0.0553645615344462
M1_LORO,loro_R134,Mreduced,Q2,23,"[0.0199, 0.0297]",0.023973789462003757,0.09115660704834305
M1_LORO,loro_R134,Mreduced,Q3,23,"[0.0297, 0.0569]",0.04055399553432228,0.20068516827633848
M1_LORO,loro_R134,Mreduced,Q4,23,"[0.0569, 0.1387]",0.10260593507450237,0.27144259059720716
M1_LORO,loro_R134a,M0,Q1,72,"[0.0024, 0.0107]",0.007888643599674757,0.14015130207408222
M1_LORO,loro_R134a,M0,Q2,72,"[0.0107, 0.0152]",0.012920444108997647,0.07531211768218782
M1_LORO,loro_R134a,M0,Q3,72,"[0.0152, 0.0211]",0.018053009674934756,0.10652687377684439
M1_LORO,loro_R134a,M0,Q4,72,"[0.0211, 0.0519]",0.03145460988352795,0.3118555919836379
M1_LORO,loro_R134a,Mreduced,Q1,72,"[0.0043, 0.0106]",0.008162488182917706,0.02594107830017391
M1_LORO,loro_R134a,Mreduced,Q2,72,"[0.0106, 0.0165]",0.013420157004377771,0.04571441719825897
M1_LORO,loro_R134a,Mreduced,Q3,72,"[0.0165, 0.0245]",0.019956081327290272,0.06877567665004689
M1_LORO,loro_R134a,Mreduced,Q4,72,"[0.0245, 0.0641]",0.03461839261319458,0.188237243409579
M1_LORO,loro_R143a,M0,Q1,21,"[0.0062, 0.0368]",0.02821434407013345,0.10093077274505054
M1_LORO,loro_R143a,M0,Q2,20,"[0.0368, 0.0403]",0.03839189010100949,0.09093728661537173
M1_LORO,loro_R143a,M0,Q3,21,"[0.0403, 0.0484]",0.04368547302630765,0.09301955214745943
M1_LORO,loro_R143a,M0,Q4,21,"[0.0484, 0.1044]",0.06558997422909914,0.12614811783035598
M1_LORO,loro_R143a,Mreduced,Q1,21,"[0.0029, 0.0096]",0.007509926362696763,0.016770641000143124
M1_LORO,loro_R143a,Mreduced,Q2,20,"[0.0096, 0.0171]",0.014588866966170977,0.036887134128483004
M1_LORO,loro_R143a,Mreduced,Q3,21,"[0.0171, 0.0284]",0.021780521827588648,0.10021320205359235
M1_LORO,loro_R143a,Mreduced,Q4,21,"[0.0284, 0.0550]",0.04162067291740048,0.12276372079338352
M1_LORO,loro_R152a,M0,Q1,25,"[0.0701, 0.1094]",0.09017696268135154,0.1156093189790845
M1_LORO,loro_R152a,M0,Q2,24,"[0.1094, 0.1296]",0.11959415844373238,0.05086092222481966
M1_LORO,loro_R152a,M0,Q3,24,"[0.1296, 0.1450]",0.13672307363266492,0.03855187753215433
M1_LORO,loro_R152a,M0,Q4,25,"[0.1450, 0.1791]",0.1600352899028189,0.07174196515977385
M1_LORO,loro_R152a,Mreduced,Q1,25,"[0.0152, 0.0438]",0.02977921131527459,0.03610198405385018
M1_LORO,loro_R152a,Mreduced,Q2,24,"[0.0438, 0.0551]",0.050440260682900175,0.052371854598944396
M1_LORO,loro_R152a,Mreduced,Q3,24,"[0.0551, 0.0671]",0.06014473615503363,0.04909037885566555
M1_LORO,loro_R152a,Mreduced,Q4,25,"[0.0671, 0.0792]",0.07224193248335851,0.04539370584487914
M1_LORO,loro_R161,M0,Q1,21,"[0.0192, 0.0467]",0.03360676123900251,0.029543895367532973
M1_LORO,loro_R161,M0,Q2,21,"[0.0467, 0.0617]",0.054683571868709854,0.07484845256521588
M1_LORO,loro_R161,M0,Q3,21,"[0.0617, 0.0826]",0.07221467618887328,0.12451492782149996
M1_LORO,loro_R161,M0,Q4,21,"[0.0826, 0.1161]",0.09488461262536717,0.19168431506980033
M1_LORO,loro_R161,Mreduced,Q1,21,"[0.0115, 0.0194]",0.016491261350255897,0.06465186451428703
M1_LORO,loro_R161,Mreduced,Q2,21,"[0.0194, 0.0270]",0.023576707079724316,0.04802350131351324
M1_LORO,loro_R161,Mreduced,Q3,21,"[0.0270, 0.0316]",0.028870832445225068,0.05369942713351478
M1_LORO,loro_R161,Mreduced,Q4,21,"[0.0316, 0.0562]",0.03925932502154173,0.07201974324527238
M1_LORO,loro_R227ea,M0,Q1,14,"[0.0591, 0.0701]",0.06396578100360145,0.041828202296580595
M1_LORO,loro_R227ea,M0,Q2,13,"[0.0701, 0.0775]",0.07382777422113146,0.04814077409414146
M1_LORO,loro_R227ea,M0,Q3,14,"[0.0775, 0.0835]",0.08052215195208468,0.05709278695285321
M1_LORO,loro_R227ea,M0,Q4,14,"[0.0835, 0.1006]",0.09040173324102611,0.07486446478537152
M1_LORO,loro_R227ea,Mreduced,Q1,14,"[0.0216, 0.0277]",0.02517056997458696,0.04541690809918301
M1_LORO,loro_R227ea,Mreduced,Q2,13,"[0.0277, 0.0308]",0.029511099825978385,0.040823550780232136
M1_LORO,loro_R227ea,Mreduced,Q3,14,"[0.0308, 0.0361]",0.032873210761439245,0.041907498346907754
M1_LORO,loro_R227ea,Mreduced,Q4,14,"[0.0361, 0.0489]",0.04113372013358003,0.025107476008789882
M1_LORO,loro_R23,M0,Q1,24,"[0.0000, 0.0250]",0.014402414371494051,0.012545682621809348
M1_LORO,loro_R23,M0,Q2,24,"[0.0250, 0.0492]",0.03399833346259879,0.028717370288601773
M1_LORO,loro_R23,M0,Q3,24,"[0.0492, 0.1207]",0.0790287610781779,0.05391216966478776
M1_LORO,loro_R23,M0,Q4,25,"[0.1207, 0.2862]",0.1868499898995447,0.11723773840069775
M1_LORO,loro_R23,Mreduced,Q1,24,"[0.0072, 0.0181]",0.011986478677529286,0.014767767640296378
M1_LORO,loro_R23,Mreduced,Q2,24,"[0.0181, 0.0263]",0.022212774484945425,0.02276009844305615
M1_LORO,loro_R23,Mreduced,Q3,24,"[0.0263, 0.0356]",0.030381231599278014,0.03546010707505049
M1_LORO,loro_R23,Mreduced,Q4,25,"[0.0356, 0.0924]",0.05319488448790418,0.04840175496041775
M1_LORO,loro_R236fa,M0,Q1,0,"[0.0000, 0.0000]",,
M1_LORO,loro_R236fa,M0,Q2,27,"[0.0000, 0.0123]",0.002267642966654266,0.07200797654136461
M1_LORO,loro_R236fa,M0,Q3,14,"[0.0123, 0.0238]",0.017374940493447892,0.10420926008373498
M1_LORO,loro_R236fa,M0,Q4,14,"[0.0238, 0.0380]",0.03067088350782091,0.18299976922571656
M1_LORO,loro_R236fa,Mreduced,Q1,14,"[0.0358, 0.0425]",0.04048830962276012,0.006944273571882936
M1_LORO,loro_R236fa,Mreduced,Q2,13,"[0.0425, 0.0551]",0.04517299489326006,0.01321835582359479
M1_LORO,loro_R236fa,Mreduced,Q3,14,"[0.0551, 0.0614]",0.0589875057721767,0.020250915749264624
M1_LORO,loro_R236fa,Mreduced,Q4,14,"[0.0614, 0.0660]",0.06371823955308456,0.051668538632137426
M1_LORO,loro_R245fa,M0,Q1,14,"[0.0000, 0.0044]",0.0016417814925932933,0.05109434432483143
M1_LORO,loro_R245fa,M0,Q2,13,"[0.0044, 0.0119]",0.0073984288652298915,0.07724131920303288
M1_LORO,loro_R245fa,M0,Q3,14,"[0.0119, 0.0199]",0.016124415329844266,0.1095125714849148
M1_LORO,loro_R245fa,M0,Q4,14,"[0.0199, 0.0362]",0.02657445618798957,0.11909845174689378
M1_LORO,loro_R245fa,Mreduced,Q1,14,"[0.0213, 0.0285]",0.02547040716901274,0.03423097809510571
M1_LORO,loro_R245fa,Mreduced,Q2,13,"[0.0285, 0.0334]",0.031073943140705905,0.043388076699697034
M1_LORO,loro_R245fa,Mreduced,Q3,14,"[0.0334, 0.0358]",0.03451404365288259,0.07671946026384832
M1_LORO,loro_R245fa,Mreduced,Q4,14,"[0.0358, 0.0455]",0.0407409731357124,0.07839428606842246
M1_LORO,loro_R32,M0,Q1,72,"[0.0241, 0.0535]",0.043350653296059,0.04161464070138107
M1_LORO,loro_R32,M0,Q2,71,"[0.0535, 0.0618]",0.05817359172493018,0.05805475077539369
M1_LORO,loro_R32,M0,Q3,72,"[0.0618, 0.0891]",0.07424140628063654,0.05827006243376268
M1_LORO,loro_R32,M0,Q4,72,"[0.0891, 0.3338]",0.16568554571674904,0.09427771780044876
M1_LORO,loro_R32,Mreduced,Q1,72,"[0.0059, 0.0175]",0.0129392082515863,0.06550493670381712
M1_LORO,loro_R32,Mreduced,Q2,71,"[0.0175, 0.0256]",0.021159005741349973,0.09396689947707658
M1_LORO,loro_R32,Mreduced,Q3,72,"[0.0256, 0.0367]",0.03137466652381206,0.12380190444592801
M1_LORO,loro_R32,Mreduced,Q4,72,"[0.0367, 0.0983]",0.058271998894767925,0.1631255005550985
M1_LORO,loro_R41,M0,Q1,10,"[0.0156, 0.0310]",0.02523382513135263,0.01045320681296288
M1_LORO,loro_R41,M0,Q2,9,"[0.0310, 0.0382]",0.03368804144247759,0.01828893499655857
M1_LORO,loro_R41,M0,Q3,10,"[0.0382, 0.0514]",0.0431094591703011,0.016089773960411547
M1_LORO,loro_R41,M0,Q4,10,"[0.0514, 0.0920]",0.0722360678329846,0.06009673692286014
M1_LORO,loro_R41,Mreduced,Q1,10,"[0.0043, 0.0185]",0.01254547957883656,0.016915060281753522
M1_LORO,loro_R41,Mreduced,Q2,9,"[0.0185, 0.0307]",0.025978261959084842,0.026786234229803075
M1_LORO,loro_R41,Mreduced,Q3,10,"[0.0307, 0.0379]",0.03463529867815801,0.0339368131197989
M1_LORO,loro_R41,Mreduced,Q4,10,"[0.0379, 0.0731]",0.04510265427544796,0.037950591417029486
Split_B,B1,M0,Q1,128,"[0.0020, 0.0064]",0.004601725935629332,0.016329085640609267
Split_B,B1,M0,Q2,128,"[0.0064, 0.0109]",0.008582873684688902,0.02392727301921696
Split_B,B1,M0,Q3,128,"[0.0109, 0.0154]",0.012909105900360068,0.029944741680083098
Split_B,B1,M0,Q4,129,"[0.0154, 0.0382]",0.020357313182642712,0.04455481502841147
Split_B,B1,Mreduced,Q1,128,"[0.0011, 0.0043]",0.0031018302506316334,0.01016339671041351
Split_B,B1,Mreduced,Q2,128,"[0.0043, 0.0074]",0.005791694168620798,0.01758913071753341
Split_B,B1,Mreduced,Q3,128,"[0.0074, 0.0131]",0.010045370073634763,0.03454971652390669
Split_B,B1,Mreduced,Q4,129,"[0.0131, 0.0300]",0.0178968973786106,0.054376135752067095
Split_B,B1,Mthermo,Q1,128,"[0.0016, 0.0055]",0.003991471130404995,0.02728277180576697
Split_B,B1,Mthermo,Q2,128,"[0.0055, 0.0077]",0.0065286121528509876,0.027662091505771973
Split_B,B1,Mthermo,Q3,128,"[0.0077, 0.0121]",0.009522625228314313,0.027127992289024405
Split_B,B1,Mthermo,Q4,129,"[0.0121, 0.0371]",0.01736012898570748,0.032957860551658995
Split_B,B2,M0,Q1,150,"[0.0020, 0.0111]",0.00849229886263708,0.025541787511824315
Split_B,B2,M0,Q2,149,"[0.0111, 0.0158]",0.013291250660961065,0.03705542280632478
Split_B,B2,M0,Q3,149,"[0.0158, 0.0227]",0.018831545918313885,0.0604643507166797
Split_B,B2,M0,Q4,150,"[0.0227, 0.0639]",0.03270332197057869,0.08417855280886094
Split_B,B2,Mreduced,Q1,150,"[0.0000, 0.0055]",0.003761375160024536,0.01598977712122723
Split_B,B2,Mreduced,Q2,149,"[0.0055, 0.0088]",0.007085281721044746,0.030184450476811637
Split_B,B2,Mreduced,Q3,149,"[0.0088, 0.0150]",0.011442327080411908,0.058312795018689745
Split_B,B2,Mreduced,Q4,150,"[0.0150, 0.0427]",0.02178460823010879,0.0844670279175043
Split_B,B2,Mthermo,Q1,150,"[0.0000, 0.0072]",0.004941035707842406,0.024502790898239857
Split_B,B2,Mthermo,Q2,149,"[0.0072, 0.0094]",0.008295271412819218,0.04236379983341134
Split_B,B2,Mthermo,Q3,149,"[0.0094, 0.0124]",0.01077244789569415,0.05084743763651424
Split_B,B2,Mthermo,Q4,150,"[0.0124, 0.0280]",0.016595551838052554,0.08155747507015865
M1_LORO,ALL_12_REFRIGERANTS,M0,Q1,351,"[0.0000, 0.0201]",0.011429097839767343,0.08476633939950427
M1_LORO,ALL_12_REFRIGERANTS,M0,Q2,350,"[0.0201, 0.0406]",0.0296790007591638,0.1190991635274009
M1_LORO,ALL_12_REFRIGERANTS,M0,Q3,351,"[0.0406, 0.0760]",0.056582083139767786,0.08623903893568473
M1_LORO,ALL_12_REFRIGERANTS,M0,Q4,351,"[0.0760, 0.3338]",0.13131251263578686,0.11011332829119347
M1_LORO,ALL_12_REFRIGERANTS,Mreduced,Q1,351,"[0.0006, 0.0169]",0.01161115240571862,0.036997009240398636
M1_LORO,ALL_12_REFRIGERANTS,Mreduced,Q2,350,"[0.0169, 0.0266]",0.021636696693082717,0.06808057676747974
M1_LORO,ALL_12_REFRIGERANTS,Mreduced,Q3,351,"[0.0266, 0.0390]",0.032253458715844084,0.08513432143553243
M1_LORO,ALL_12_REFRIGERANTS,Mreduced,Q4,351,"[0.0390, 0.1387]",0.058811500886362875,0.09785960163003063
