sample_id,split,mode,anion,refrigerant,true_x1,pred_x1,abs_error,IG_T,IG_P,IG_ref_charge,IG_ref_logp,IG_ani_mw,IG_cat_charge,IG_cat_tpsa,IG_ref_MW,IG_cat_MW,group_abs_thermo_state,group_share_thermo_state,group_abs_ref_physical,group_share_ref_physical,group_abs_anion_physical,group_share_anion_physical,group_abs_cation_physical,group_share_cation_physical,IG_Tr,IG_Pr,IG_omega,group_abs_reduced_priors,group_share_reduced_priors
[emim]__[BF4]__R32__283.15__0.0379,B2,M0,BF4,R32,0.026000000536441803,0.02246968410909176,0.003530316427350043,0.10986562818288803,-0.3001512885093689,0.08011235296726227,-0.12956175208091736,-0.14376971125602722,-0.009551200084388256,2.6701158276409842e-05,-0.11483864486217499,-0.027037566527724266,0.4100169241428375,0.4481476344455758,0.3245127499103546,0.35469175211189785,0.14376971125602722,0.15713999157231515,0.03661546856164932,0.040020630012587106,,,,,
[emim]__[BF4]__R32__293.15__0.0369,B2,M0,BF4,R32,0.021199999377131462,0.020162927731871606,0.0010370716452598565,0.05782243609428406,-0.2747989594936371,0.06930029392242432,-0.12491164356470108,-0.13242709636688232,-0.00798492506146431,0.0002834033512044698,-0.09813005477190018,-0.026078438386321068,0.33262139558792114,0.42011591229916107,0.2923419773578644,0.3692411797622194,0.13242709636688232,0.1672614303868371,0.03434676676988602,0.043381524602625926,,,,,
[emim]__[BF4]__R32__303.15__0.45,B2,M0,BF4,R32,0.18310000002384186,0.17490394413471222,0.008196055889129639,0.04527629539370537,0.07634935528039932,0.13996021449565887,-0.20439669489860535,-0.210492804646492,-0.013881091959774494,0.003960928879678249,-0.17299993336200714,-0.04764499142765999,0.12162564694881439,0.13292968251223866,0.517356812953949,0.5654405844225807,0.210492804646492,0.2300562619374549,0.06548701226711273,0.07157345484053955,,,,,
[emim]__[BF4]__R32__313.15__0.8307,B2,M0,BF4,R32,0.24230000376701355,0.3136727035045624,0.07137269973754884,-0.0022475961595773697,0.21831312775611877,0.20354565978050232,-0.18317779898643494,-0.1935143619775772,-0.012885794043540955,0.0013684650184586644,-0.23240509629249573,-0.04473854973912239,0.2205607295036316,0.201942358050583,0.6191285848617554,0.5668655823041461,0.1935143619775772,0.17717907744661582,0.05899281054735184,0.05401300266268561,,,,,
[emim]__[BF4]__R134a__283.15__0.2517,B2,M0,BF4,R134A,0.20730000734329224,0.22828478813171388,0.020984780788421642,0.27011388540267944,-0.08236617594957352,-0.2642689645290375,-0.059530097991228104,-0.34563112258911133,-0.017222881317138672,-0.004427009262144566,0.24199971556663513,-0.0721239522099495,0.35248005390167236,0.25961864516142763,0.5657987594604492,0.41673821181982457,0.34563112258911133,0.25457407526736264,0.09377384185791016,0.06906897994722844,,,,,
[emim]__[BF4]__R134a__283.15__0.3956,B2,M0,BF4,R134A,0.42660000920295715,0.36515934467315675,0.061440664529800404,0.28707045316696167,0.05845234915614128,-0.2988329529762268,-0.06685714423656464,-0.34684425592422485,-0.017499512061476707,-0.004675020929425955,0.2703889012336731,-0.07759453356266022,0.34552279114723206,0.24192630986927435,0.6360790133476257,0.4453664198924226,0.34684425592422485,0.2428515660471913,0.09976907074451447,0.06985577722432194,,,,,
[emim]__[BF4]__R134a__303.15__0.2685,B2,M0,BF4,R134A,0.10289999842643738,0.12334695905447006,0.02044696062803268,0.06294668465852737,-0.051547396928071976,-0.22630305588245392,-0.0515487864613533,-0.27783432602882385,-0.01292321365326643,-0.0038547434378415346,0.18999603390693665,-0.06628568470478058,0.11449408531188965,0.12138384862007769,0.46784788370132446,0.49600096404742405,0.27783432602882385,0.2945532049125155,0.08306363970041275,0.08806205350924402,,,,,
[emim]__[BF4]__R134a__313.15__0.4496,B2,M0,BF4,R134A,0.12449999898672104,0.18088003098964692,0.05638003200292588,-0.0029899582732468843,0.06999699771404266,-0.2622571289539337,-0.06317690759897232,-0.24464917182922363,-0.010371712036430836,-0.003475310280919075,0.2124900072813034,-0.07566652446985245,0.07298695296049118,0.07722884588038555,0.53792405128479,0.5691873953761788,0.24464917182922363,0.25886781704931067,0.08951354771852493,0.0947159416930669,,,,,
[emim]__[BF4]__R125__313.15__0.538,B2,M0,BF4,R125,0.07209999859333038,0.21937749087810515,0.14727749228477477,-0.0035065654665231705,0.11316011101007462,-0.344266802072525,-0.2970629334449768,-0.12400834262371063,-0.0029267813079059124,-0.007348492741584778,0.3861231207847595,-0.06268971413373947,0.11666667461395264,0.08699373558980959,1.0274529457092285,0.7661311182971703,0.12400834262371063,0.09246812772228809,0.07296498864889145,0.05440711283525346,,,,,
[emim]__[BF4]__R125__333.15__0.586,B2,M0,BF4,R125,0.04650000110268593,0.15066109448671341,0.10416109338402749,-0.11214707791805267,0.10938166081905365,-0.30131179094314575,-0.2422913759946823,-0.1051650270819664,-0.00021976111747790128,-0.004816366825252771,0.30535197257995605,-0.059468429535627365,0.22152873873710632,0.17863010579173977,0.8489551544189453,0.6845565496866055,0.1051650270819664,0.08480001294791925,0.06450455635786057,0.05201336761966518,,,,,
[emim]__[BF4]__R125__353.15__0.536,B2,M0,BF4,R125,0.032099999487400055,0.10122104287147522,0.06912104338407517,-0.15561598539352417,0.06996671855449677,-0.2493213713169098,-0.19157862663269043,-0.10341639816761017,0.0006316462531685829,-0.0017909830203279853,0.2283712923526764,-0.05594038963317871,0.22558270394802094,0.21349191543811907,0.6692712903022766,0.633399667677084,0.10341639816761017,0.0978734829670348,0.05836302042007446,0.055234877506862456,,,,,
[emim]__[PF6]__R23__332.9__0.04997,B2,M0,PF6,R23,0.003000000026077032,0.00642247349023819,0.003422473464161158,-0.0511133149266243,-0.2100444734096527,-0.06681035459041595,0.006792663596570492,-0.08968649804592133,-0.007316790521144867,-0.001532654045149684,-0.09151563048362732,-0.03855019807815552,0.2611577808856964,0.46356966055068904,0.16511864960193634,0.2930948336555961,0.08968649804592133,0.1591985477672777,0.04739964380860329,0.08413701753804899,,,,,
[emim]__[PF6]__R23__347.9__0.40035,B2,M0,PF6,R23,0.024000000208616257,0.0425054743885994,0.01850547417998314,-0.11693421751260757,0.028291279450058937,-0.1116810292005539,0.023307524621486664,-0.11569394171237946,-0.00953303650021553,0.0017962349811568856,-0.1472107172012329,-0.06730075925588608,0.14522549510002136,0.23357585546341364,0.28219926357269287,0.4538799083090706,0.11569394171237946,0.1860782873474905,0.07863003015518188,0.12646592491188496,,,,,
[bmim]__[BF4]__R32__283.2__0.3995,B2,M0,BF4,R32,0.37400001287460327,0.25879782140254975,0.11520219147205352,0.2191089689731598,0.05900983884930611,0.16364668309688568,-0.19908621907234192,-0.25545552372932434,-0.018189091235399246,0.0012495251139625907,-0.24355144798755646,-0.027327686548233032,0.2781188189983368,0.2343780201024091,0.6062843203544617,0.5109316914820613,0.25545552372932434,0.21527906702444713,0.04676630347967148,0.0394111899962417,,,,,
[bmim]__[BF4]__R32__298.2__0.6996,B2,M0,BF4,R32,0.43799999356269836,0.33878678679466245,0.09921320676803591,0.09332230687141418,0.19736695289611816,0.1994064301252365,-0.19245688617229462,-0.22238197922706604,-0.01695234701037407,0.0006784723955206573,-0.25381916761398315,-0.02568243443965912,0.29068925976753235,0.24182450356095297,0.6456824541091919,0.5371434742647239,0.22238197922706604,0.18499965141640884,0.04331325367093086,0.03603231187474497,,,,,
[bmim]__[BF4]__R32__323.1__0.6995,B2,M0,BF4,R32,0.2549999952316284,0.23753570318222045,0.01746429204940797,-0.03865879774093628,0.17400765419006348,0.1634707897901535,-0.2126578986644745,-0.19697555899620056,-0.010950018651783466,0.0041146045550704,-0.17154322564601898,-0.032565224915742874,0.21266645193099976,0.2116202588372214,0.547671914100647,0.5449776923793274,0.19697555899620056,0.19600655581025464,0.04762984812259674,0.04739553745577027,,,,,
[bmim]__[BF4]__R32__348.1__0.8496,B2,M0,BF4,R32,0.21400000154972076,0.24164114892482758,0.02764114737510681,-0.10593001544475555,0.18039727210998535,0.1677124947309494,-0.1963590681552887,-0.17026710510253906,-0.006612560711801052,0.005058192647993565,-0.15780657529830933,-0.0330369770526886,0.2863273024559021,0.2798405300299325,0.5218781232833862,0.5100549244797974,0.17026710510253906,0.1664096875494263,0.044707730412483215,0.04369487250344031,,,,,
[bmim]__[BF4]__R125__298.15__0.05,B2,M0,BF4,R125,0.00800000037997961,0.03770810514688492,0.02970810476690531,0.07515042275190353,-0.2913972735404968,-0.19863030314445496,-0.14280328154563904,-0.1429087370634079,-0.004161695018410683,-0.00603900384157896,0.2121584415435791,-0.023309476673603058,0.36654770374298096,0.3342709760177848,0.5535920262336731,0.5048449220528956,0.1429087370634079,0.13032476409441726,0.033510174602270126,0.030559402381856327,,,,,
[bmim]__[PF6]__R41__283.12__1.2994,B2,M0,PF6,R41,0.46299999952316284,0.48919789791107177,0.026197898387908924,0.22269904613494873,0.24752941727638245,0.22834186255931854,-0.12104729562997818,-0.13361547887325287,-0.010576452128589153,-0.004760724026709795,-0.48479413986206055,-0.014639091677963734,0.4702284634113312,0.32031835056942703,0.8341833353042603,0.5682434195894852,0.13361547887325287,0.09101850086387846,0.029976267367601395,0.02041975181544665,,,,,
[bmim]__[PF6]__R41__323.16__0.0999,B2,M0,PF6,R41,0.017000000923871994,0.024229990690946578,0.007229989767074584,-0.021503185853362083,-0.16489122807979584,0.0427919402718544,-0.203811377286911,-0.07717327028512955,-0.005884863436222076,0.0018599703907966614,-0.08348239213228226,-0.018875716254115105,0.18639440834522247,0.30050336473318606,0.3300856947898865,0.5321611459016431,0.07717327028512955,0.12441804233307861,0.026620550081133842,0.04291740799226635,,,,,
[bmim]__[PF6]__R41__348.15__0.9997,B2,M0,PF6,R41,0.13099999725818634,0.1890518009662628,0.05805180370807647,-0.09137564152479172,0.13857190310955048,0.1335349977016449,-0.2430311143398285,-0.09428004175424576,-0.0068922811187803745,0.003312320215627551,-0.17437279224395752,-0.034297529608011246,0.2299475371837616,0.250033037408185,0.5509389042854309,0.5990624181146978,0.09428004175424576,0.10251523236774748,0.0445021316409111,0.048389312108282345,,,,,
[bmim]__[PF6]__R32__298.1__0.0097,B2,M0,PF6,R32,0.017999999225139618,0.014163785427808762,0.0038362137973308556,0.03808329626917839,-0.31820565462112427,0.04985666275024414,-0.14615723490715027,-0.07749317586421967,-0.006397069897502661,0.0001932961749844253,-0.06808429211378098,-0.015055154450237751,0.35628893971443176,0.49517186562817417,0.264098197221756,0.36704478430385945,0.07749317586421967,0.10770034146132532,0.021645519882440567,0.030083034492371815,,,,,
[bmim]__[PF6]__R32__323.1__0.5497,B2,M0,PF6,R32,0.23100000619888306,0.21412622928619385,0.01687377691268921,-0.03639066219329834,0.1126551479101181,0.1197497621178627,-0.24904444813728333,-0.1314062774181366,-0.010514596477150917,0.0053298138082027435,-0.11950191110372543,-0.03601450473070145,0.14904581010341644,0.18162870565540845,0.48829612135887146,0.5950425069811147,0.1314062774181366,0.16013299579432186,0.051858916878700256,0.06319579156793645,,,,,
[bmim]__[PF6]__R32__298.15__0.05,B2,M0,PF6,R32,0.039000000804662704,0.03147195689380169,0.007528043910861017,0.04281526058912277,-0.2857559323310852,0.05485554412007332,-0.15864917635917664,-0.08536338806152344,-0.006967452354729176,0.0005237045115791261,-0.07082874327898026,-0.016750074923038483,0.3285712003707886,0.4547639583401802,0.2843334674835205,0.39353605250696355,0.08536338806152344,0.11814849325923625,0.024241231381893158,0.03355144433178999,,,,,
[bmim]__[PF6]__R23__282.7__1.2997,B2,M0,PF6,R23,0.36500000953674316,0.4092236518859863,0.04422364234924314,0.24790218472480774,0.16452953219413757,-0.1817597895860672,0.053739190101623535,-0.1136164665222168,-0.010126464068889618,-0.005352949257940054,-0.2898433208465576,-0.019135694950819016,0.4124317169189453,0.37976943109654027,0.5253422856330872,0.48373811412045914,0.1136164665222168,0.10461867767269999,0.034615106880664825,0.03187378396991601,,,,,
[bmim]__[PF6]__R23__323.1__0.0498,B2,M0,PF6,R23,0.004999999888241291,0.009610913787037134,0.004610913898795843,-0.024912117049098015,-0.22431369125843048,-0.0703468769788742,0.006826188415288925,-0.09979280084371567,-0.007809383329004049,-0.0021110009402036667,-0.0995999202132225,-0.024577245116233826,0.24922581017017365,0.44481632311257074,0.17677298188209534,0.3155030683730085,0.09979280084371567,0.17810942901177498,0.03449762985110283,0.06157110636329456,,,,,
[bmim]__[PF6]__R23__348.1__0.3997,B2,M0,PF6,R23,0.032999999821186066,0.04728793352842331,0.014287933707237244,-0.12132362276315689,0.029042184352874756,-0.11618528515100479,0.02408985234797001,-0.12013858556747437,-0.00949509721249342,0.0009576942538842559,-0.15237537026405334,-0.04457768797874451,0.15036579966545105,0.24323738385120655,0.2926505208015442,0.4734025105498526,0.12013858556747437,0.19434070325854194,0.05503048002719879,0.08901937823410143,,,,,
[bmim]__[PF6]__R161__297.98__0.01,B2,M0,PF6,R161,0.007000000216066837,0.016650400683283807,0.00965040046721697,0.0372905470430851,-0.31767287850379944,0.0669730082154274,-0.07587108016014099,-0.099897600710392,-0.0070985788479447365,0.0010066989343613386,-0.12435883283615112,-0.020520558580756187,0.35496342182159424,0.47284970150361594,0.2672029137611389,0.35594320497719706,0.099897600710392,0.1330744177369845,0.028625836595892906,0.0381327129995449,,,,,
[bmim]__[PF6]__R161__323.13__0.3996,B2,M0,PF6,R161,0.1599999964237213,0.16433386504650116,0.004333868622779846,-0.029872257262468338,0.040023718029260635,0.11659342050552368,-0.11571983993053436,-0.16017746925354004,-0.009995718486607075,0.005493151489645243,-0.2004234492778778,-0.04041115567088127,0.06989597529172897,0.09725196169221122,0.43273669481277466,0.602101799010537,0.16017746925354004,0.222867955397769,0.055900026112794876,0.07777825798159282,,,,,
[bmim]__[PF6]__R152a__283.2__0.0097,B2,M0,PF6,R152A,0.020999999716877937,0.055300410091876986,0.03430041037499905,0.1578446328639984,-0.47239261865615845,0.10383933782577515,-0.010984642431139946,-0.12726762890815735,-0.010075399652123451,-0.0030632130801677704,-0.12242798507213593,-0.020401818677783012,0.6302372217178345,0.6128939739383741,0.23725196719169617,0.23072312454105978,0.12726762890815735,0.12376540157787949,0.033540431410074234,0.032617445600081334,,,,,
[bmim]__[PF6]__R152a__298.2__0.3482,B2,M0,PF6,R152A,0.4350000023841858,0.36587859988212584,0.06912140250205995,0.09778343141078949,0.02417467162013054,0.15471693873405457,-0.010624942369759083,-0.19502630829811096,-0.01782737299799919,-0.0015064178733155131,-0.21108278632164001,-0.0349586084485054,0.12195810675621033,0.16311069629817088,0.3764246702194214,0.5034424664039205,0.19502630829811096,0.26083446020161144,0.05429239943623543,0.07261240200657537,,,,,
[bmim]__[PF6]__R152a__348.1__0.1002,B2,M0,PF6,R152A,0.03500000014901161,0.05401524305343628,0.01901524290442467,-0.12921170890331268,-0.2365739792585373,0.06915004551410675,-0.004445547703653574,-0.08796807378530502,-0.00393447233363986,-0.0011164991883561015,-0.08170841634273529,-0.026607949286699295,0.36578568816185,0.5709008430382174,0.15530401468276978,0.24239109341637766,0.08796807378530502,0.13729637082535973,0.031658921390771866,0.04941173341827148,,,,,
[bmim]__[PF6]__R143a__285.4__0.6998,B2,M0,PF6,R143A,0.2240000069141388,0.33167632222175597,0.10767631530761718,0.2406553030014038,0.08907346427440643,-0.22185206413269043,-0.12049132585525513,-0.15001246333122253,-0.007605522871017456,-0.010615457780659199,-0.02611609734594822,-0.024351805448532104,0.32972878217697144,0.37016005674210856,0.3684594929218292,0.41363991916820414,0.15001246333122253,0.16840696032688343,0.042572785168886185,0.04779305121542742,,,,,
[bmim]__[PF6]__R143a__323.1__0.1002,B2,M0,PF6,R143A,0.013000000268220901,0.028418824076652527,0.015418823808431625,-0.03032214380800724,-0.18576045334339142,-0.10018695890903473,-0.05742119625210762,-0.10919896513223648,-0.004780413582921028,-0.00478651886805892,-0.010115167126059532,-0.027089331299066544,0.2160826027393341,0.4079638294704122,0.16772331297397614,0.31666151825684286,0.10919896513223648,0.20616758325191994,0.03665626421570778,0.06920700571882359,,,,,
[bmim]__[PF6]__R143a__348.1__0.4002,B2,M0,PF6,R143A,0.035999998450279236,0.05646539404988289,0.020465395599603656,-0.13499800860881805,0.02674775943160057,-0.1393689513206482,-0.08827627450227737,-0.10809986293315887,-0.0020993826910853386,-0.0026900996454060078,-0.013263802044093609,-0.04018248990178108,0.16174577176570892,0.29105275503495315,0.24090902507305145,0.4335027413381912,0.10809986293315887,0.19451984792017293,0.044971972703933716,0.08092462889105093,,,,,
[bmim]__[PF6]__R134__298.08__0.0504,B2,M0,PF6,R134,0.11599999666213989,0.11881024539470672,0.002810248732566828,0.11762474477291107,-0.4881296157836914,0.02875213697552681,0.017503898590803146,-0.11919017881155014,-0.010461350902915001,-0.007310135755687952,0.0441402867436409,-0.025499343872070312,0.6057543754577637,0.7055044479334328,0.09039632230997086,0.10528195924018607,0.11919017881155014,0.13881732383358236,0.04327083006501198,0.05039627333037104,,,,,
[bmim]__[PF6]__R134__323.13__0.2004,B2,M0,PF6,R134,0.20499999821186066,0.19022369086742402,0.014776307344436634,-0.06513749063014984,-0.17915137112140656,0.025856345891952515,0.015278835780918598,-0.1323968470096588,-0.00872273463755846,-0.005882031284272671,0.015000956133008003,-0.03527950122952461,0.2442888617515564,0.5060819550361099,0.05613613873720169,0.11629464657784518,0.1323968470096588,0.2742804346250059,0.04988426715135574,0.10334293288891984,,,,,
[bmim]__[PF6]__R134a__283__0.01,B2,M0,PF6,R134A,0.003000000026077032,0.040477444604039195,0.03747744457796216,0.21096506714820862,-0.48508238792419434,-0.16777417063713074,-0.03557411953806877,-0.1474848836660385,-0.01141799334436655,-0.005007027182728052,0.14825056493282318,-0.02735690213739872,0.6960474252700806,0.561821041501916,0.351598858833313,0.28379623268338244,0.1474848836660385,0.11904377193104518,0.04378192126750946,0.03533897793806605,,,,,
[bmim]__[PF6]__R134a__298.2__0.1993,B2,M0,PF6,R134A,0.17599999904632568,0.1558261841535568,0.02017381489276887,0.11626831442117691,-0.16279193758964539,-0.23649103939533234,-0.06248071789741516,-0.19242426753044128,-0.012605136260390282,-0.007133995648473501,0.19424499571323395,-0.0420822948217392,0.2790602445602417,0.2718500641495251,0.49321675300598145,0.4804733334753171,0.19242426753044128,0.18745253217458352,0.06182142719626427,0.0602241246351794,,,,,
[bmim]__[PF6]__R134a__348.2__0.0097,B2,M0,PF6,R134A,0.0,0.01118287555873394,0.01118287555873394,-0.11191556602716446,-0.2711329460144043,-0.09493587166070938,-0.013770490884780884,-0.07787923514842987,-0.003740562591701746,-0.0022770825307816267,0.05389827489852905,-0.023936890065670013,0.38304850459098816,0.5861610005381551,0.16260462999343872,0.24882617075052518,0.07787923514842987,0.1191749082651918,0.029954534024000168,0.04583800595412958,,,,,
[bmim]__[PF6]__R125__283.3__0.3996,B2,M0,PF6,R125,0.1850000023841858,0.41325308084487916,0.22825307846069337,0.32745712995529175,0.05530723184347153,-0.4341360926628113,-0.3990471363067627,-0.13787700235843658,-0.003940308000892401,-0.012355463579297066,0.49396777153015137,-0.03860936686396599,0.38276436924934387,0.20116931700440976,1.3271510601043701,0.6975102537534119,0.13787700235843658,0.07246396118180383,0.05490513890981674,0.028856471975647485,,,,,
[bmim]__[PF6]__R125__298.2__0.5995,B2,M0,PF6,R125,0.18000000715255737,0.39255608320236207,0.2125560760498047,0.15171946585178375,0.13942040503025055,-0.4048031270503998,-0.3906330466270447,-0.09445634484291077,-0.0018652990693226457,-0.010741901583969593,0.4793141484260559,-0.03767808526754379,0.2911398708820343,0.1701943592458255,1.2747502326965332,0.7451926745552504,0.09445634484291077,0.055217229569204794,0.05028528720140457,0.029395740984590354,,,,,
[bmim]__[PF6]__R125__348.2__0.0102,B2,M0,PF6,R125,0.0,0.011407779809087516,0.011407779809087516,-0.10245094448328018,-0.23952002823352814,-0.13788610696792603,-0.07275804877281189,-0.0690380185842514,-0.001873741508461535,-0.002392006106674671,0.10234884172677994,-0.022835927084088326,0.3419709801673889,0.45529130069235496,0.31299299001693726,0.41671075558121295,0.0690380185842514,0.09191542879767509,0.027101675048470497,0.036082467809753535,,,,,
[bmim]__[PF6]__R125__298.15__0.4,B2,M0,PF6,R125,0.0989999994635582,0.2729398310184479,0.17393983155488968,0.14865301549434662,0.05189972370862961,-0.39870110154151917,-0.36015790700912476,-0.11072667688131332,-0.0023904878180474043,-0.010400568135082722,0.4356800615787506,-0.042758069932460785,0.20055273175239563,0.12844683582247926,1.1945390701293945,0.7650594558536328,0.11072667688131332,0.07091646751589496,0.055549126118421555,0.03557722410594818,,,,,
[hmim]__[BF4]__R32__323.2__0.0539,B2,M0,BF4,R32,0.023959999904036522,0.026692401617765427,0.0027324017137289047,-0.02226347289979458,-0.2275814265012741,0.053938575088977814,-0.12426628917455673,-0.11932656913995743,-0.005121223628520966,0.000331473391270265,-0.07701493799686432,-0.008005939424037933,0.24984489381313324,0.39169859022332504,0.25521981716156006,0.40012521790422484,0.11932656913995743,0.18707626237607156,0.013458636589348316,0.021100006879943223,,,,,
[hmim]__[BF4]__R152a__303.2__0.0326,B2,M0,BF4,R152A,0.03195999935269356,0.04296343177556992,0.01100343242287636,0.02904265746474266,-0.3329384922981262,0.08672598749399185,-0.0054173702374100685,-0.17255520820617676,-0.005654667504131794,-0.0029480126686394215,-0.10197992622852325,-0.009235271252691746,0.3619811534881592,0.48490600280944113,0.1941232830286026,0.2600454314225082,0.17255520820617676,0.2311530737689223,0.017837952822446823,0.02389552693029644,,,,,
[hmim]__[BF4]__R143a__343.2__0.1569,B2,M0,BF4,R143A,0.015010000206530094,0.035219760984182356,0.020209760777652262,-0.08661321550607681,-0.11192324012517929,-0.0920969694852829,-0.05074081942439079,-0.14891090989112854,-0.0038671554066240788,-0.0033021874260157347,-0.009178034961223602,-0.013802935369312763,0.1985364556312561,0.3814813767084745,0.1520158350467682,0.29209350922853783,0.14891090989112854,0.28612749598837944,0.020972277969121933,0.040297553650463676,,,,,
[hmim]__[BF4]__R134a__323__0.53,B2,M0,BF4,R134A,0.2734000086784363,0.21522621512413026,0.05817379355430602,-0.05965108424425125,0.09133250266313553,-0.26060208678245544,-0.06495995074510574,-0.22064156830310822,-0.005137514788657427,-0.0038257893174886703,0.20175771415233612,-0.02423500083386898,0.15098358690738678,0.16197466769743515,0.5273197293281555,0.565706774343766,0.22064156830310822,0.23670350823006192,0.03319830447435379,0.03561502574879316,,,,,
[hmim]__[BF4]__R125__303.2__0.0954,B2,M0,BF4,R125,0.029529999941587448,0.061226974427700046,0.0316969744861126,0.04918203875422478,-0.23579807579517365,-0.2103748321533203,-0.15810731053352356,-0.14619338512420654,-0.00288970023393631,-0.00643561128526926,0.22438505291938782,-0.01265823282301426,0.2849801182746887,0.27244122781789415,0.5928671956062317,0.5667815273633402,0.14619338512420654,0.1397609966029361,0.021983545273542404,0.02101628739006003,,,,,
[hmim]__[BF4]__R245fa__303.15__0.04,B2,M0,BF4,R245FA,0.10440000146627426,0.08352068364620209,0.02087931782007217,0.04987582564353943,-0.303800106048584,-0.1146840900182724,-0.2247718870639801,-0.13588179647922516,8.892014011507854e-05,-0.006081334315240383,0.26595568656921387,-0.007745726499706507,0.3536759316921234,0.318947232343707,0.6054116487503052,0.5459641227880893,0.13588179647922516,0.12253907894039748,0.01391598116606474,0.01254952141365165,,,,,
[hmim]__[BF4]__R245fa__323.15__0.048,B2,M0,BF4,R245FA,0.06769999861717224,0.06972546577453613,0.002025467157363889,-0.03826018050312996,-0.24176087975502014,-0.09533834457397461,-0.16786567866802216,-0.12087585777044296,0.0020542319398373365,-0.004937673918902874,0.18463115394115448,-0.008430318906903267,0.280021071434021,0.3240405779952029,0.44783520698547363,0.5182352119967759,0.12087585777044296,0.13987762641222973,0.015422224998474121,0.017846609460085303,,,,,
[hmim]__[BF4]__R245fa__343.15__0.05,B2,M0,BF4,R245FA,0.039400000125169754,0.058499711006879805,0.01909971088171005,-0.09364981949329376,-0.20883779227733612,-0.08105356246232986,-0.13908913731575012,-0.10908564180135727,0.0025133031886070967,-0.0035861905198544264,0.1417885273694992,-0.009010104462504387,0.3024876117706299,0.3835686387491898,0.3619312047958374,0.4589459341219635,0.10908564180135727,0.13832576774931238,0.015109598636627197,0.019159687721335073,,,,,
[hmim]__[BF4]__R236fa__313.15__0.05,B2,M0,BF4,R236FA,0.04129999876022339,0.10297424346208572,0.061674244701862335,-0.002113060560077429,-0.251573383808136,-0.11007910966873169,-0.2489258348941803,-0.11613796651363373,0.002228113356977701,-0.005751988384872675,0.2810138165950775,-0.007400583475828171,0.25368645787239075,0.2474449434377085,0.6400187611579895,0.624272211776767,0.11613796651363373,0.11328059367438617,0.015380685217678547,0.015002270186751931,,,,,
[hmim]__[BF4]__R236fa__323.15__0.154,B2,M0,BF4,R236FA,0.0982000008225441,0.14044465571641923,0.04224465489387513,-0.04992401972413063,-0.13265776634216309,-0.12010754644870758,-0.30258744955062866,-0.11361374706029892,0.0028602066449820995,-0.006010247394442558,0.30964329838752747,-0.008438673801720142,0.18258178234100342,0.17457857578666125,0.7323383092880249,0.7002373259273562,0.11361374706029892,0.10863365390161712,0.017309129238128662,0.016550408763432993,,,,,
[hmim]__[BF4]__R236fa__343.15__0.177,B2,M0,BF4,R236FA,0.06379999965429306,0.12093498557806015,0.05713498592376709,-0.11527198553085327,-0.09620018303394318,-0.10402282327413559,-0.24936358630657196,-0.09947818517684937,0.004323034547269344,-0.004420817829668522,0.2341163158416748,-0.00906846858561039,0.21147216856479645,0.23079794985553495,0.5875027179718018,0.6411927572440785,0.09947818517684937,0.10856918595948101,0.017812320962548256,0.0194401333670783,,,,,
[hmim]__[BF4]__R227ea__313.15__0.116,B2,M0,BF4,R227EA,0.04650000110268593,0.13066361248493194,0.08416361138224601,-0.0029006688855588436,-0.21588926017284393,-0.15752893686294556,-0.20761728286743164,-0.09594473987817764,0.000587879796512425,-0.007909402251243591,0.2647613286972046,-0.009506287053227425,0.2187899351119995,0.2272797830556252,0.6299075484275818,0.6543502601179283,0.09594473987817764,0.09966774593025894,0.018003568053245544,0.01870217219669725,,,,,
[hmim]__[BF4]__R227ea__333.15__0.114,B2,M0,BF4,R227EA,0.023900000378489494,0.09284067079424858,0.06894067041575909,-0.09421929717063904,-0.17654940485954285,-0.12844665348529816,-0.1268843114376068,-0.08101336658000946,0.002508398611098528,-0.005645208526402712,0.15047873556613922,-0.008817190304398537,0.2707687020301819,0.34957626792528385,0.4058097004890442,0.5239211161451901,0.08101336658000946,0.10459240720497241,0.01697079837322235,0.021910170246937394,,,,,
[hmim]__[BF4]__R227ea__343.15__0.332,B2,M0,BF4,R227EA,0.0625,0.1623947262763977,0.0998947262763977,-0.1643720418214798,0.0057034543715417385,-0.15881940722465515,-0.23212242126464844,-0.06856028735637665,0.002139163203537464,-0.007188665214926004,0.23573744297027588,-0.011796718463301659,0.17007549107074738,0.19186359336311917,0.6266793012619019,0.706962195842677,0.06856028735637665,0.077343437384112,0.021124547347426414,0.023830779712760694,,,,,
[hmim]__[PF6]__R134a__323__0.34,B2,M0,PF6,R134A,0.16590000689029694,0.16016779839992523,0.005732208490371704,-0.05632319301366806,0.011479435488581657,-0.249688982963562,-0.07197598367929459,-0.16208766400814056,-0.005693987011909485,-0.004819563589990139,0.1637880653142929,-0.025128060951828957,0.06780263036489487,0.09028493693793503,0.4854530096054077,0.6464217409070862,0.16208766400814056,0.215833433668217,0.035641610622406006,0.047459819037882704,,,,,
[hmim]__[PF6]__R134a__348__2.057,B2,M0,PF6,R134A,0.6367999911308289,0.6717663049697876,0.03496631383895876,-0.19229570031166077,0.3980388939380646,-0.2219853401184082,-0.05447976663708687,-0.07763281464576721,-0.0028328895568847656,-0.0019937825854867697,0.27191537618637085,-0.009687138721346855,0.5903345942497253,0.47961079171469,0.5483804941177368,0.4455256485162745,0.07763281464576721,0.06307191897269286,0.014513811096549034,0.01179158480397081,,,,,
[emim]__[BF4]__R32__283.15__0.0379,B2,Mreduced,BF4,R32,0.026000000536441803,0.02552601844072342,0.0004739820957183824,0.04272396117448807,-0.15273147821426392,0.05191822722554207,0.04562375321984291,-0.1322934329509735,-0.0032379459589719772,-0.005055567249655724,-0.08972389996051788,-0.025355961173772812,0.1954554319381714,0.26372130515068126,0.18726587295532227,0.2526714143282627,0.1322934329509735,0.1784989880032151,0.03364947438240051,0.04540208073914377,0.0365166962146759,-0.14498315751552582,-0.010979813523590565,0.19247967004776,0.259706211777348
[emim]__[BF4]__R32__293.15__0.0369,B2,Mreduced,BF4,R32,0.021199999377131462,0.021659974381327628,0.0004599750041961656,0.019788645207881927,-0.13869091868400574,0.04429163411259651,0.03724830225110054,-0.12268532812595367,-0.002263468923047185,-0.004095543175935745,-0.07470633089542389,-0.025713780894875526,0.15847957134246826,0.25345943551397787,0.15624627470970154,0.24988768112897197,0.12268532812595367,0.19621301186797538,0.03207279369235039,0.05129463763536194,0.015746448189020157,-0.1302768588066101,-0.00975876860320568,0.1557820737361908,0.24914527555761398
[emim]__[BF4]__R32__303.15__0.45,B2,Mreduced,BF4,R32,0.18310000002384186,0.1817129909992218,0.0013870090246200506,0.012747121043503284,0.03172861784696579,0.05373208597302437,0.025157421827316284,-0.2016625851392746,-0.005193209275603294,0.00046239240327849984,-0.09352027624845505,-0.05002061650156975,0.0444757379591465,0.09006352631996817,0.1724097728729248,0.3491303984932998,0.2016625851392746,0.40836744656439694,0.05567621812224388,0.11274453817618517,-0.0001260932331206277,0.007387726102024317,-0.012088168412446976,0.019601987674832344,0.039694094215987984
[emim]__[BF4]__R32__313.15__0.8307,B2,Mreduced,BF4,R32,0.24230000376701355,0.29385221004486084,0.05155220627784729,-0.0002392754831817001,0.11582435667514801,0.07440675795078278,0.02076786570250988,-0.1830342561006546,-0.0050035626627504826,0.0029389411211013794,-0.09324625134468079,-0.04917857050895691,0.11606363207101822,0.17305325328333082,0.1884208768606186,0.28093938769102195,0.1830342561006546,0.2729078257789761,0.05712107568979263,0.08516869412731688,-0.051495157182216644,0.06160449981689453,-0.012942159548401833,0.12604181468486786,0.18793092798960975
[emim]__[BF4]__R134a__283.15__0.2517,B2,Mreduced,BF4,R134A,0.20730000734329224,0.20602987110614776,0.0012701362371444758,0.13889546692371368,-0.04344681650400162,-0.11878512054681778,-0.02170439623296261,-0.3194226026535034,-0.006209527608007193,-0.003948627505451441,0.06984105706214905,-0.05720275640487671,0.1823422908782959,0.18452480728507836,0.21033057570457458,0.21284809333645313,0.3194226026535034,0.32324587956655776,0.06736090779304504,0.06816717322782676,0.1816491335630417,-0.020324235782027245,-0.006742475088685751,0.20871584117412567,0.2112140315035538
[emim]__[BF4]__R134a__283.15__0.3956,B2,Mreduced,BF4,R134A,0.42660000920295715,0.3696098327636719,0.05699017643928528,0.15218587219715118,0.04273772984743118,-0.13741722702980042,-0.023420998826622963,-0.3501182198524475,-0.011136455461382866,-0.0029676223639398813,0.0791122317314148,-0.07237124443054199,0.19492360949516296,0.16538721521897573,0.23995046317577362,0.20359123760289982,0.3501182198524475,0.2970654890333247,0.08647532016038895,0.07337188359858983,0.24060115218162537,0.053006697446107864,-0.013513939455151558,0.30712181329727173,0.26058424408305664
[emim]__[BF4]__R134a__303.15__0.2685,B2,Mreduced,BF4,R134A,0.10289999842643738,0.11180862486362457,0.008908626437187192,0.02868778444826603,-0.02202221006155014,-0.08801984041929245,-0.01472109742462635,-0.2347743958234787,-0.0011573827359825373,-0.0037298710085451603,0.04251231625676155,-0.0443725511431694,0.05070999264717102,0.0943984241564828,0.1452532559633255,0.27039401409381003,0.2347743958234787,0.4370407456421334,0.04925980418920517,0.0916988476427494,0.046784184873104095,-0.007292355410754681,-0.0031171240843832493,0.05719366669654846,0.10646801007151165
[emim]__[BF4]__R134a__313.15__0.4496,B2,Mreduced,BF4,R134A,0.12449999898672104,0.16944079399108886,0.04494079500436782,-0.001401893561705947,0.047666583210229874,-0.1016998291015625,-0.015656642615795135,-0.22664065659046173,-0.00341673637740314,-0.002510329242795706,0.04472954198718071,-0.0585266537964344,0.049068477004766464,0.08371461412241982,0.16208600997924805,0.27653126015583,0.22664065659046173,0.3866664765054627,0.06445372104644775,0.10996302953591422,0.03053169883787632,0.04852057248353958,-0.0048388228751719,0.08389109373092651,0.14312468959063201
[emim]__[BF4]__R125__313.15__0.538,B2,Mreduced,BF4,R125,0.07209999859333038,0.21000447273254394,0.13790447413921356,-0.0013539398787543178,0.05538250878453255,-0.09465770423412323,-0.06464061141014099,-0.0646817684173584,-0.008991765789687634,-0.005865070037543774,0.056509166955947876,-0.05968087166547775,0.05673644691705704,0.10584924682942796,0.2158074826002121,0.40261702546833045,0.0646817684173584,0.12067228109264198,0.07453770935535431,0.13905982528636476,-0.0683741569519043,0.04789121076464653,0.007983053103089333,0.12424842268228531,0.23180164912143034
[emim]__[BF4]__R125__333.15__0.586,B2,Mreduced,BF4,R125,0.04650000110268593,0.1437271147966385,0.09722711369395257,-0.03290010616183281,0.04786085709929466,-0.07383914291858673,-0.054820168763399124,-0.05370452255010605,-0.00647961487993598,-0.0037623154930770397,0.029378587380051613,-0.052494846284389496,0.08076096326112747,0.160978462094163,0.15803790092468262,0.3150123180327449,0.05370452255010605,0.10704765147072709,0.06273677945137024,0.1250513845429,-0.10616954416036606,0.03233565762639046,0.007942655123770237,0.14644786715507507,0.29191024326156795
[emim]__[BF4]__R125__353.15__0.536,B2,Mreduced,BF4,R125,0.032099999487400055,0.0928607240319252,0.06076072454452515,-0.04403981566429138,0.0344071164727211,-0.06354294717311859,-0.046596430242061615,-0.05333894491195679,-0.005001117940992117,-0.0033350512385368347,0.016159849241375923,-0.04682007059454918,0.07844693213701248,0.16372200981336701,0.12629923224449158,0.2635917502145018,0.05333894491195679,0.11132059628613292,0.05515623837709427,0.1151133633252996,-0.1352052241563797,0.024525810033082962,0.00617474690079689,0.16590577363967896,0.3462522492592685
[emim]__[PF6]__R23__332.9__0.04997,B2,Mreduced,PF6,R23,0.003000000026077032,-0.008718401938676835,0.011718401964753867,-0.00910010002553463,-0.08227835595607758,-0.0167678315192461,0.01477578841149807,-0.03204730898141861,-0.0030891685746610165,-0.004122550133615732,-0.01352530438452959,-0.02228754386305809,0.09137845784425735,0.20491719711207573,0.04506892338395119,0.10106755656173026,0.03204730898141861,0.07186644299304791,0.02949926257133484,0.06615242088341929,-0.1567414253950119,-0.06681986153125763,-0.02437346614897251,0.2479347586631775,0.5559964242175067
[emim]__[PF6]__R23__347.9__0.40035,B2,Mreduced,PF6,R23,0.024000000208616257,0.043229509890079496,0.01922950968146324,-0.013714814558625221,0.012705883011221886,-0.018968895077705383,0.014998147264122963,-0.03372446075081825,-0.00470338249579072,-0.0038012166041880846,-0.011865237727761269,-0.03205757960677147,0.026420697569847107,0.06143069606009633,0.045832276344299316,0.1065645080114093,0.03372446075081825,0.0784126570730113,0.04056217893958092,0.0943110180715435,-0.24471573531627655,0.005112091079354286,-0.03372206166386604,0.2835499048233032,0.6592811554282662
[bmim]__[BF4]__R32__283.2__0.3995,B2,Mreduced,BF4,R32,0.37400001287460327,0.2653507590293884,0.10864925384521484,0.0840839222073555,0.027942299842834473,0.05866588279604912,0.03655166178941727,-0.2517077624797821,-0.00881778635084629,-0.0019087654072791338,-0.1394711583852768,-0.031506944447755814,0.11202622205018997,0.15060620079955797,0.23468869924545288,0.3155116071674025,0.2517077624797821,0.3383917544041933,0.04223349690437317,0.05677801499364897,0.09055253118276596,-0.003265727311372757,-0.009360994212329388,0.10317925363779068,0.13871248273247713
[bmim]__[BF4]__R32__298.2__0.6996,B2,Mreduced,BF4,R32,0.43799999356269836,0.3314454793930054,0.10655451416969297,0.027062976732850075,0.1009431853890419,0.07042990624904633,0.02530558407306671,-0.21885856986045837,-0.007209082134068012,0.001143738511018455,-0.12117016315460205,-0.03041265532374382,0.12800616025924683,0.18365880031636084,0.2169056534767151,0.31120871072681117,0.21885856986045837,0.31401068743972915,0.038765475153923035,0.05561935961553769,0.027515579015016556,0.05496790260076523,-0.011958779767155647,0.09444226324558258,0.1355024846594652
[bmim]__[BF4]__R32__323.1__0.6995,B2,Mreduced,BF4,R32,0.2549999952316284,0.21957463920116424,0.03542535603046418,8.227433863794431e-05,0.07043231278657913,0.05912966653704643,0.015936339274048805,-0.17986245453357697,-0.002766186138615012,0.0028374777175486088,-0.07020249217748642,-0.03151865303516388,0.07051458954811096,0.12682415004833444,0.1452684998512268,0.2612729385577483,0.17986245453357697,0.3234919619898601,0.03712231665849686,0.06676641370544735,-0.07664545625448227,0.03286856412887573,-0.01372096873819828,0.12323498725891113,0.22164452229655532
[bmim]__[BF4]__R32__348.1__0.8496,B2,Mreduced,BF4,R32,0.21400000154972076,0.20674286484718324,0.0072571367025375255,0.017899615690112114,0.08134955912828445,0.057977788150310516,0.013332312926650047,-0.1509496420621872,-0.0015224384842440486,0.0027136742137372494,-0.0487978458404541,-0.03235030919313431,0.09924917668104172,0.15940843466791352,0.12010794878005981,0.19291061897403652,0.1509496420621872,0.2424468087241219,0.036586422473192215,0.05876305004819844,-0.16843867301940918,0.03522498160600662,-0.01205245591700077,0.21571610867977142,0.34647105766736674
[bmim]__[BF4]__R125__298.15__0.05,B2,Mreduced,BF4,R125,0.00800000037997961,0.033683180809020996,0.025683180429041386,0.02528093196451664,-0.11372765153646469,-0.0634775310754776,-0.054480988532304764,-0.08522681891918182,-0.0026105165015906096,-0.0065226927399635315,0.04277683049440384,-0.01840202696621418,0.13900858163833618,0.26700095732905743,0.1607353389263153,0.3087326614236964,0.08522681891918182,0.16369954986474128,0.02753523737192154,0.05288835158187351,-0.00855998694896698,-0.0955209881067276,0.004042567685246468,0.1081235408782959,0.20767846548799604
[bmim]__[PF6]__R41__283.12__1.2994,B2,Mreduced,PF6,R41,0.46299999952316284,0.5013654351234436,0.03836543560028072,0.029778461903333664,0.25476402044296265,0.06105994060635567,0.10533984005451202,-0.09370201081037521,-0.00576359499245882,-8.387556590605527e-05,-0.124819315969944,-0.020590240135788918,0.2845424711704254,0.30720086637033317,0.2912190854549408,0.31440914597860015,0.09370201081037521,0.10116359355137794,0.026437710970640182,0.028542971745559483,-0.07288943976163864,0.05665585398674011,-0.10079579055309296,0.2303410917520523,0.24868337811172275
[bmim]__[PF6]__R41__323.16__0.0999,B2,Mreduced,PF6,R41,0.017000000923871994,0.021345942467451095,0.004345941543579101,-2.1481755538843572e-05,-0.07409956306219101,0.023756422102451324,0.05008923262357712,-0.04462151974439621,-0.00151735357940197,-0.0026999455876648426,-0.04843074083328247,-0.013524875044822693,0.07412104308605194,0.13830404195813234,0.12227639555931091,0.22815814561987033,0.04462151974439621,0.08326024947867905,0.017742173746228218,0.03310550202832452,-0.10963628441095352,-0.06262067705392838,-0.10491013526916504,0.27716708183288574,0.5171719948776877
[bmim]__[PF6]__R41__348.15__0.9997,B2,Mreduced,PF6,R41,0.13099999725818634,0.1737322211265564,0.042732223868370056,0.02059805952012539,0.09022759646177292,0.03535883501172066,0.0461837574839592,-0.047399017959833145,-0.004121801350265741,0.0014436335768550634,-0.024914005771279335,-0.025076091289520264,0.11082565784454346,0.16956759645471364,0.10645660012960434,0.16288276705777607,0.047399017959833145,0.0725223536325567,0.030641525983810425,0.04688273468286213,-0.2558457553386688,0.014476063661277294,-0.08793343603610992,0.3582552671432495,0.5481445880694418
[bmim]__[PF6]__R32__298.1__0.0097,B2,Mreduced,PF6,R32,0.017999999225139618,0.017677399888634683,0.00032259933650493483,0.009983574040234089,-0.1650867909193039,0.03712041303515434,0.03526965528726578,-0.06802980601787567,-0.0014472358161583543,-0.004194167908281088,-0.07278551161289215,-0.014677430503070354,0.1750703603029251,0.30423534126443114,0.14517557621002197,0.25228451518060024,0.06802980601787567,0.11822144658975518,0.020318834111094475,0.03530984581963476,0.008147227577865124,-0.14922422170639038,-0.009477848187088966,0.1668493002653122,0.28994887380203027
[bmim]__[PF6]__R32__323.1__0.5497,B2,Mreduced,PF6,R32,0.23100000619888306,0.20832287669181823,0.022677129507064825,-0.0005816359771415591,0.03925771266222,0.04628799855709076,0.0097148846834898,-0.12094102054834366,-0.0038310703821480274,0.0022866602521389723,-0.0726984292268753,-0.03631577640771866,0.03983934968709946,0.09184844210958326,0.128701314330101,0.29671707273131953,0.12094102054834366,0.2788259449954192,0.04243350774049759,0.09782919675698662,-0.06952033936977386,0.016936222091317177,-0.015379203483462334,0.10183576494455338,0.23477934340438597
[bmim]__[PF6]__R32__298.15__0.05,B2,Mreduced,PF6,R32,0.039000000804662704,0.03689483180642128,0.0021051689982414246,0.011929387226700783,-0.14842168986797333,0.04077348858118057,0.037928082048892975,-0.07625818997621536,-0.001961852191016078,-0.0044463868252933025,-0.07926753163337708,-0.016599735245108604,0.16035108268260956,0.2788055884133677,0.15796910226345062,0.2746639921033058,0.07625818997621536,0.13259161816662265,0.02300797402858734,0.040004417992841344,0.00904928334057331,-0.13886132836341858,-0.009638874791562557,0.15754948556423187,0.2739343962765952
[bmim]__[PF6]__R23__282.7__1.2997,B2,Mreduced,PF6,R23,0.36500000953674316,0.4193874955177307,0.05438748598098753,0.09435709565877914,0.1885564625263214,-0.03191045671701431,0.029273470863699913,-0.03966205567121506,-0.007990792393684387,-0.0029256981797516346,-0.04608381539583206,-0.019815992563962936,0.28291356563568115,0.3833796258747552,0.10726774483919144,0.14535983028058558,0.03966205567121506,0.05374653573252482,0.03073248267173767,0.041645962371650976,-0.14052852988243103,0.06081899255514145,-0.07602290064096451,0.277370423078537,0.3758680457391283
[bmim]__[PF6]__R23__323.1__0.0498,B2,Mreduced,PF6,R23,0.004999999888241291,0.0009974882006645203,0.004002511687576771,-0.00406652269884944,-0.08826857805252075,-0.017547430470585823,0.016558604314923286,-0.032895833253860474,-0.0032801248598843813,-0.005095195025205612,-0.015798840671777725,-0.014727299101650715,0.09233509749174118,0.2100141887012568,0.049904875457286835,0.1135075633871161,0.032895833253860474,0.07482086357334776,0.023102618753910065,0.052546408313597484,-0.13997161388397217,-0.07202653586864471,-0.029424628242850304,0.24142277240753174,0.5491108912914827
[bmim]__[PF6]__R23__348.1__0.3997,B2,Mreduced,PF6,R23,0.032999999821186066,0.04643726646900177,0.013437266647815707,-0.013079434633255005,0.012990899384021759,-0.019021879881620407,0.015622921288013458,-0.03264520317316055,-0.005046426318585873,-0.004191957414150238,-0.012780140154063702,-0.021641036495566368,0.026070334017276764,0.06069607419603967,0.04742494225502014,0.11041315435183982,0.03264520317316055,0.0760034632709289,0.030879419296979904,0.07189242468232447,-0.2509363889694214,0.005305747967213392,-0.03626055642962456,0.29250267148017883,0.6809948748234436
[bmim]__[PF6]__R161__297.98__0.01,B2,Mreduced,PF6,R161,0.007000000216066837,0.021674729883670807,0.01467472966760397,-0.0009695010376162827,-0.17508214712142944,0.040008850395679474,0.04252631962299347,-0.0768909752368927,-0.0017574330559000373,-0.003106052055954933,-0.07230294495820999,-0.018878541886806488,0.17605164647102356,0.2503089819507253,0.15483811497688293,0.22014773337216145,0.0768909752368927,0.10932304308731833,0.023742027580738068,0.03375624637602423,0.07339169085025787,-0.14242663979530334,-0.05599617958068848,0.2718145251274109,0.38646396343280104
[bmim]__[PF6]__R161__323.13__0.3996,B2,Mreduced,PF6,R161,0.1599999964237213,0.22934885323047638,0.06934885680675507,0.004852740094065666,0.0275343619287014,0.050515901297330856,0.03920372948050499,-0.10971485078334808,-0.005959054920822382,0.001102497219108045,-0.08279688656330109,-0.034982845187187195,0.03238710016012192,0.07181018528628606,0.17251652479171753,0.3825116651071228,0.10971485078334808,0.24326487164511226,0.042044397443532944,0.09322279412924714,0.0030866246670484543,0.0079888217151165,-0.08327152580022812,0.09434697031974792,0.20919049208990145
[bmim]__[PF6]__R152a__283.2__0.0097,B2,Mreduced,PF6,R152A,0.020999999716877937,0.048333702981472014,0.027333703264594077,0.042048804461956024,-0.2389003336429596,0.060594040900468826,0.013571722432971,-0.10640154033899307,-0.001994594931602478,-0.005706655792891979,-0.07042321562767029,-0.014459878206253052,0.2809491455554962,0.29080397486104786,0.14458897709846497,0.1496607123619852,0.10640154033899307,0.11013377812820328,0.022161129862070084,0.022938473931143694,0.1837729662656784,-0.21698367595672607,-0.011254366487264633,0.4120110273361206,0.4264631031321668
[bmim]__[PF6]__R152a__298.2__0.3482,B2,Mreduced,PF6,R152A,0.4350000023841858,0.3831717550754547,0.05182824730873109,0.04218849912285805,0.013149525038897991,0.059575777500867844,0.012069935910403728,-0.18950487673282623,-0.011727427132427692,-0.002818014472723007,-0.10112495720386505,-0.03403943404555321,0.05533802509307861,0.08203469671683997,0.1727706789970398,0.2561202758726093,0.18950487673282623,0.28092753695115064,0.04858487471938133,0.07202363033242067,0.18268337845802307,0.01256345771253109,-0.013123271986842155,0.20837010443210602,0.3088938987828473
[bmim]__[PF6]__R152a__348.1__0.1002,B2,Mreduced,PF6,R152A,0.03500000014901161,0.057484491169452666,0.022484491020441054,-0.03476531431078911,-0.1061738133430481,0.04311233013868332,0.008021251298487186,-0.07527946680784225,-0.0004140001838095486,-0.0029775043949484825,-0.03641033172607422,-0.021085325628519058,0.1409391313791275,0.3089566364815518,0.08754391223192215,0.1919074738360168,0.07527946680784225,0.16502223785182196,0.024476829916238785,0.05365634773432484,-0.026582878082990646,-0.09148108959197998,-0.009874415583908558,0.1279383897781372,0.28045734492566105
[bmim]__[PF6]__R143a__285.4__0.6998,B2,Mreduced,PF6,R143A,0.2240000069141388,0.40170941352844236,0.17770940661430357,0.07020355015993118,0.10834826529026031,-0.05932459980249405,-0.043494872748851776,-0.0859910249710083,-0.009143507108092308,-0.0038404196966439486,-0.004873174242675304,-0.025866013020277023,0.1785518229007721,0.2771452160706113,0.1076926440000534,0.1671587587610183,0.0859910249710083,0.13347386102559008,0.03884993866086006,0.06030223869782457,0.10095250606536865,0.03751299902796745,-0.09470273554325104,0.23316824436187744,0.3619199312257382
[bmim]__[PF6]__R143a__323.1__0.1002,B2,Mreduced,PF6,R143A,0.013000000268220901,0.03090827874839306,0.01790827848017216,-0.005221939645707607,-0.08432290703058243,-0.030866464599967003,-0.02674674056470394,-0.05531974509358406,-0.0007304687169380486,-0.005653165280818939,-0.001591349602676928,-0.015362407080829144,0.08954484760761261,0.2366704869474029,0.05920455604791641,0.15647992579948244,0.05531974509358406,0.14621222056769334,0.021746041253209114,0.057475626013994946,-0.04992252588272095,-0.05794084817171097,-0.04467382654547691,0.15253719687461853,0.4031616963613964
[bmim]__[PF6]__R143a__348.1__0.4002,B2,Mreduced,PF6,R143A,0.035999998450279236,0.06986581832170487,0.03386581987142563,-0.020213432610034943,0.015395407564938068,-0.03834397718310356,-0.027690311893820763,-0.05332385376095772,-0.0035671673249453306,-0.00354183092713356,-0.0013258560793474317,-0.027667049318552017,0.035608839243650436,0.09013972197938777,0.06736014038324356,0.170514525483186,0.05332385376095772,0.13498326412701994,0.03477604687213898,0.08803160291600146,-0.13671888411045074,0.012149320915341377,-0.05510338023304939,0.20397157967090607,0.5163308289109843
[bmim]__[PF6]__R134__298.08__0.0504,B2,Mreduced,PF6,R134,0.11599999666213989,0.08814034461975098,0.02785965204238891,0.03337791934609413,-0.21577513217926025,0.027169134467840195,-0.020957712084054947,-0.13364705443382263,-0.0007498482009395957,-0.006516630761325359,0.05420827865600586,-0.013806099072098732,0.2491530478000641,0.2892532728818141,0.102335125207901,0.11880557014461691,0.13364705443382263,0.15515703398907899,0.02107257768511772,0.02446412804216564,0.1529206931591034,-0.20172035694122314,-0.0005175078404136002,0.35515856742858887,0.41231997331685616
[bmim]__[PF6]__R134__323.13__0.2004,B2,Mreduced,PF6,R134,0.20499999821186066,0.16036250591278076,0.0446374922990799,-0.017049379646778107,-0.07054051756858826,0.026817744597792625,-0.01641695946455002,-0.1594412475824356,-0.0008700823527760804,-0.003951887600123882,0.03837677463889122,-0.025015434250235558,0.08758989721536636,0.18462483369600258,0.08161148428916931,0.1720233405175002,0.1594412475824356,0.3360754465416371,0.02983740344643593,0.06289224927018572,0.04548987001180649,-0.06489813327789307,-0.005552954506129026,0.11594095826148987,0.24438412212027857
[bmim]__[PF6]__R134a__283__0.01,B2,Mreduced,PF6,R134A,0.003000000026077032,0.022243468463420867,0.019243468437343834,0.06910921633243561,-0.20783570408821106,-0.06859876215457916,-0.018095050007104874,-0.107369564473629,0.0010523856617510319,-0.004496361128985882,0.043544113636016846,-0.013685996644198895,0.27694493532180786,0.33311712771453084,0.13023792207241058,0.1566538217059571,0.107369564473629,0.12914712045502788,0.01923474296927452,0.023136087767074057,0.10246069729328156,-0.19099189341068268,0.004134303890168667,0.2975868880748749,0.3579458468370909
[bmim]__[PF6]__R134a__298.2__0.1993,B2,Mreduced,PF6,R134A,0.17599999904632568,0.14835800528526305,0.027641993761062633,0.04493830353021622,-0.06960771232843399,-0.1008191853761673,-0.01927713118493557,-0.16686879098415375,-5.538996629184112e-05,-0.003703643335029483,0.048176564276218414,-0.028427591547369957,0.11454601585865021,0.18803132486802873,0.16827288269996643,0.2762258716399316,0.16686879098415375,0.27392100556858545,0.03218662366271019,0.052835477907815884,0.07916257530450821,-0.04604111984372139,-0.002107773208990693,0.12731146812438965,0.20898626497723816
[bmim]__[PF6]__R134a__348.2__0.0097,B2,Mreduced,PF6,R134A,0.0,-0.0012760914862155915,0.0012760914862155915,-0.0372876413166523,-0.12144668400287628,-0.04301314800977707,-0.01087972056120634,-0.058790117502212524,0.0010193625930696726,-0.0021876876708120108,0.015155673027038574,-0.015670014545321465,0.15873432159423828,0.355347305649299,0.06904853880405426,0.15457408313850357,0.058790117502212524,0.1316092804845251,0.018877064809203148,0.04225875066681874,-0.03528432920575142,-0.10467634350061417,0.001291207387112081,0.14125187695026398,0.3162105925679311
[bmim]__[PF6]__R125__283.3__0.3996,B2,Mreduced,PF6,R125,0.1850000023841858,0.3576653659343719,0.17266536355018614,0.10902426391839981,0.03219710662961006,-0.14298561215400696,-0.10124970972537994,-0.07871506363153458,-0.012281243689358234,-0.008325488306581974,0.0897306352853775,-0.04460899531841278,0.14122137427330017,0.19525070453103843,0.3339659571647644,0.4617366794605053,0.07871506363153458,0.10883035029470321,0.06521572917699814,0.09016635855470294,0.051525723189115524,0.04225076362490654,0.010387665592133999,0.10416415333747864,0.14401590715766757
[bmim]__[PF6]__R125__298.2__0.5995,B2,Mreduced,PF6,R125,0.18000000715255737,0.35965713262557986,0.17965712547302248,0.05248715728521347,0.08479026705026627,-0.11605353653430939,-0.0884542465209961,-0.05299091339111328,-0.010760730132460594,-0.006277979351580143,0.08126361668109894,-0.04078366979956627,0.13727742433547974,0.21524440511315557,0.2857713997364044,0.44807582333636875,0.05299091339111328,0.08308720595892631,0.05782238021492958,0.09066271378441447,-0.029235124588012695,0.061954230070114136,0.012723172083497047,0.10391252487897873,0.16292984596449078
[bmim]__[PF6]__R125__348.2__0.0102,B2,Mreduced,PF6,R125,0.0,-0.010475399345159531,0.010475399345159531,-0.02498447895050049,-0.09997577965259552,-0.04670834168791771,-0.04130116105079651,-0.03727492690086365,-0.001366201788187027,-0.0035706355702131987,0.018850943073630333,-0.014985315501689911,0.12496025860309601,0.2687103816817174,0.10686045140028,0.22978915859684704,0.03727492690086365,0.08015476237531591,0.019922152161598206,0.04283993304037282,-0.08990587294101715,-0.08194763958454132,0.004165683872997761,0.17601919174194336,0.37850581236803826
[bmim]__[PF6]__R125__298.15__0.4,B2,Mreduced,PF6,R125,0.0989999994635582,0.24518369138240814,0.14618369191884995,0.04987011104822159,0.02734275534749031,-0.12174072116613388,-0.08928025513887405,-0.06076608970761299,-0.009605764411389828,-0.008635273203253746,0.06776989996433258,-0.0423714742064476,0.0772128701210022,0.14201477223642348,0.2787908911705017,0.5127697603925623,0.06076608970761299,0.11176481817086902,0.0606125108897686,0.11148234633939415,-0.022334886714816093,0.03519170731306076,0.008787112310528755,0.06631370633840561,0.12196834396964272
[hmim]__[BF4]__R32__323.2__0.0539,B2,Mreduced,BF4,R32,0.023959999904036522,0.02647760733962059,0.002517607435584067,-0.007145019713789225,-0.11431808769702911,0.03451915457844734,0.028228243812918663,-0.11302302777767181,-0.0010600920068100095,-0.0037892088294029236,-0.05671761557459831,-0.008182017132639885,0.1214631050825119,0.23790490307706652,0.11946500837802887,0.2339913113530963,0.11302302777767181,0.22137366281438012,0.013031317852437496,0.025523918629814065,-0.03029761090874672,-0.10646674782037735,-0.006806322373449802,0.1435706913471222,0.28120614392692894
[hmim]__[BF4]__R152a__303.2__0.0326,B2,Mreduced,BF4,R152A,0.03195999935269356,0.032951520010828975,0.000991520658135417,0.004184444900602102,-0.15922760963439941,0.04719865694642067,0.009659716859459877,-0.14030499756336212,0.0007188055897131562,-0.004749896936118603,-0.043789252638816833,-0.0062219263054430485,0.16341204941272736,0.2594188386230669,0.10064762830734253,0.15977947121703098,0.14030499756336212,0.22273608128474273,0.011690628714859486,0.01855903120291029,0.06319279968738556,-0.1416582465171814,-0.009009524248540401,0.21386057138442993,0.33950654957940507
[hmim]__[BF4]__R143a__343.2__0.1569,B2,Mreduced,BF4,R143A,0.015010000206530094,0.03539910614490509,0.020389105938374993,-0.024863556027412415,-0.05192131921648979,-0.028734732419252396,-0.02348434180021286,-0.08128724992275238,-0.0015170794213190675,-0.004901014268398285,-0.0014373583253473043,-0.009351824410259724,0.0767848789691925,0.20575733668498866,0.053656432777643204,0.14378097423028466,0.08128724992275238,0.21782215815255937,0.015769917517900467,0.04225801058470132,-0.08141014724969864,-0.030701447278261185,-0.03357165679335594,0.14568325877189636,0.3903815403098061
[hmim]__[BF4]__R134a__323__0.53,B2,Mreduced,BF4,R134A,0.2734000086784363,0.2044199913740158,0.06898001730442047,-0.027655843645334244,0.07008104771375656,-0.09973087906837463,-0.01730198785662651,-0.21031919121742249,-0.0019002666231244802,-0.0012955776182934642,0.04116622358560562,-0.02108810655772686,0.0977368950843811,0.17562140517613395,0.15819910168647766,0.2842646936123226,0.21031919121742249,0.3779182044326515,0.02428395114839077,0.043635329526551685,-0.00027646616217680275,0.0628870502114296,-0.0028177250642329454,0.06598124653100967,0.11856033712800658
[hmim]__[BF4]__R125__303.2__0.0954,B2,Mreduced,BF4,R125,0.029529999941587448,0.05668011382222175,0.027150113880634305,0.018615756183862686,-0.09469451010227203,-0.06708316504955292,-0.05937112495303154,-0.0878443568944931,-0.003066600766032934,-0.0073431930504739285,0.04408365860581398,-0.011115268804132938,0.11331026256084442,0.23242445349301047,0.17053794860839844,0.3498111169219298,0.0878443568944931,0.18018823875449125,0.0215250626206398,0.04415267252000753,-0.016970280557870865,-0.0728660449385643,0.0044603897258639336,0.09429671615362167,0.19342345717734358
[hmim]__[BF4]__R245fa__303.15__0.04,B2,Mreduced,BF4,R245FA,0.10440000146627426,0.06741266995668412,0.036987331509590146,0.01725277118384838,-0.1674407422542572,-0.05035042762756348,-0.10840779542922974,-0.16866174340248108,0.005036642774939537,-0.003920187707990408,0.10829709470272064,-0.0021545374765992165,0.18469351530075073,0.18900338360504887,0.26705533266067505,0.27328713409590044,0.16866174340248108,0.1725975063926128,0.011111368425190449,0.011370654922148,0.18511535227298737,-0.14732816815376282,-0.013231468386948109,0.345674991607666,0.35374140199295984
[hmim]__[BF4]__R245fa__323.15__0.048,B2,Mreduced,BF4,R245FA,0.06769999861717224,0.051404384523630144,0.016295614093542098,-0.01060966681689024,-0.12967398762702942,-0.04160837084054947,-0.08621414750814438,-0.14110374450683594,0.004966121166944504,-0.0030330712907016277,0.07335297018289566,-0.002236815867945552,0.14028365910053253,0.19769496635602687,0.2011754810810089,0.2835068618752375,0.14110374450683594,0.19885067299960704,0.010236009024083614,0.014425111752937701,0.0959668904542923,-0.11129142343997955,-0.009539318270981312,0.2167976349592209,0.3055224067017986
[hmim]__[BF4]__R245fa__343.15__0.05,B2,Mreduced,BF4,R245FA,0.039400000125169754,0.03976608403027058,0.00036608390510082384,-0.02318958193063736,-0.11020714044570923,-0.036053117364645004,-0.07420127093791962,-0.12208477407693863,0.004660534206777811,-0.002342201303690672,0.05396483466029167,-0.002787370700389147,0.133396714925766,0.2324943754762262,0.1642192304134369,0.28621430023524447,0.12208477407693863,0.212779027729202,0.009790105745196342,0.01706297282014996,0.042261626571416855,-0.09190607815980911,-0.010104665532708168,0.14427237212657928,0.25144933347653164
[hmim]__[BF4]__R236fa__313.15__0.05,B2,Mreduced,BF4,R236FA,0.04129999876022339,0.04699270278215408,0.005692704021930693,-0.0006134549039416015,-0.12936782836914062,-0.040177177637815475,-0.14372801780700684,-0.12045536935329437,0.002602512016892433,-0.004780477844178677,0.0927664116024971,-0.003933870233595371,0.12998127937316895,0.17771427099869141,0.2766716182231903,0.3782736650668174,0.12045536935329437,0.164690163504558,0.011316860094666481,0.015472747701950885,0.06750234961509705,-0.10505151748657227,0.020427007228136063,0.19298087060451508,0.26384918583324507
[hmim]__[BF4]__R236fa__323.15__0.154,B2,Mreduced,BF4,R236FA,0.0982000008225441,0.09963452219963073,0.0014345213770866339,-0.015962552279233932,-0.07358705252408981,-0.047198813408613205,-0.1579727679491043,-0.1416059285402298,0.002812702441588044,-0.0049808816984295845,0.0952097550034523,-0.005670870654284954,0.08954960107803345,0.136435666977521,0.3003813326358795,0.4576539367278755,0.1416059285402298,0.21574746370474512,0.013464454561471939,0.02051412643348529,0.05431860685348511,-0.037311382591724396,0.0197190772742033,0.11134906858205795,0.16964882318214372
[hmim]__[BF4]__R236fa__343.15__0.177,B2,Mreduced,BF4,R236FA,0.06379999965429306,0.08302299529314042,0.019222995638847357,-0.027243023738265038,-0.05090977996587753,-0.04148848354816437,-0.1405177265405655,-0.12390057742595673,0.002801852999255061,-0.0042601218447089195,0.060188211500644684,-0.006419681943953037,0.07815280556678772,0.15618499917658732,0.24219441413879395,0.4840150535672749,0.12390057742595673,0.2476099411007637,0.013481657020747662,0.026942508018922975,0.0007968266727402806,-0.0194170493632555,0.02244277484714985,0.04265665262937546,0.08524747393875058
[hmim]__[BF4]__R227ea__313.15__0.116,B2,Mreduced,BF4,R227EA,0.04650000110268593,0.09299773722887039,0.046497736126184464,-0.0011774094309657812,-0.09227526187896729,-0.060791660100221634,-0.1618436872959137,-0.09263235330581665,-0.002358023775741458,-0.00810114573687315,0.11337969452142715,-0.009011846035718918,0.09345266968011856,0.1452656974907217,0.3360150456428528,0.5223120980894783,0.09263235330581665,0.14399057254582803,0.01947101578116417,0.030266344428525202,0.023721057921648026,-0.052707087248563766,0.025323104113340378,0.10175125300884247,0.1581652700717757
[hmim]__[BF4]__R227ea__333.15__0.114,B2,Mreduced,BF4,R227EA,0.023900000378489494,0.06144091710448265,0.037540916725993155,-0.027718329802155495,-0.07195678353309631,-0.04558243975043297,-0.1329263150691986,-0.07838161289691925,-0.0006389086483977735,-0.005948465783149004,0.05145219713449478,-0.008290676400065422,0.09967511147260666,0.19728462297449592,0.22996094822883606,0.45515634043360714,0.07838161289691925,0.1551388979660321,0.014878051355481148,0.02944777998134428,-0.01657417044043541,-0.03926143795251846,0.026503702625632286,0.08233930915594101,0.1629722738486692
[hmim]__[BF4]__R227ea__343.15__0.332,B2,Mreduced,BF4,R227EA,0.0625,0.12337159365415573,0.06087159365415573,-0.053635723888874054,0.002723345998674631,-0.06247859448194504,-0.15231499075889587,-0.07717692106962204,-0.0020107957534492016,-0.005730149336159229,0.06416599452495575,-0.012753638438880444,0.05635907128453255,0.10406180311437092,0.27895957231521606,0.5150730029701891,0.07717692106962204,0.14250003384148144,0.020494583994150162,0.037841350396692945,-0.04835019260644913,0.03560195490717888,0.02464997209608555,0.1086021140217781,0.20052374089138558
[hmim]__[PF6]__R134a__323__0.34,B2,Mreduced,PF6,R134A,0.16590000689029694,0.14152174293994904,0.024378263950347895,-0.0223422572016716,0.006200843024998903,-0.09915055334568024,-0.017608042806386948,-0.15259559452533722,-0.00019387660722713917,-0.00301891821436584,0.029111051931977272,-0.01881217397749424,0.028543099761009216,0.07737187317631566,0.1458696573972702,0.39540935381627773,0.15259559452533722,0.41364137342248586,0.02202496863901615,0.05970315398533414,-0.00019582713139243424,0.0135034816339612,-0.00617531593888998,0.01987462490797043,0.0538742102533282
[hmim]__[PF6]__R134a__348__2.057,B2,Mreduced,PF6,R134A,0.6367999911308289,0.7334334254264832,0.0966334342956543,-0.07118143141269684,0.4406225085258484,-0.07591556012630463,-0.02418365143239498,-0.06911245733499527,-0.0009420576388947666,0.002742278855293989,0.050162650644779205,-0.009702606126666069,0.511803925037384,0.43898320803156404,0.15026186406612396,0.12888223771971222,0.06911245733499527,0.059278967494523875,0.013386942446231842,0.011482215460445162,-0.17128288745880127,0.18289032578468323,0.06714656203985214,0.42131978273391724,0.3613733712928969
