case_id,sample_id,seed,y_target,y_base,graph_output_sensitivity,global_node_sensitivity_L1,global_node_sensitivity_L2,global_node_sensitivity_L3,node_attribution_norm,edge_attribution_norm,graph_active_flag,graph_activity_reason,specific_smarts_coverage,other_atom_fraction,top_group_name,top_group_component,delta_y_top,delta_y_rand_comp,r_faith_component_matched,r_faith_global_matched,faithfulness_zero_denominator,faithfulness_valid
Case1_R1234yf,[emim]__[Ac]__R1234yf__313.15__0.311,42,0.05659594386816025,0.05659594386816025,0.0,9.453526850222715e-09,0.0,0.0,0.0,0.0,False,Readout Collapsed (|Δy_graph| < 1e-3),100.0,0.0,Imidazolium_Ring,Cation,0.0,0.0,0.0,0.0,True,False
Case1_R1234yf,[emim]__[Ac]__R1234yf__313.15__0.311,43,-0.0038644708693027496,-0.003864467144012451,3.725290298461914e-09,0.0011096224188804626,3.6949270452169003e-06,3.280705982433574e-07,1.4590401872793812e-09,0.0,False,Head Insensitivity (L1 active but head collapsed),100.0,0.0,CF3,Refri,3.725290298461914e-09,3.725290298461914e-09,0.3725290298461914,0.3725290298461914,True,False
Case1_R1234yf,[emim]__[Ac]__R1234yf__313.15__0.311,44,0.034025758504867554,0.034025758504867554,0.0,7.504636556632249e-08,2.9103830456733704e-11,0.0,4.437033783292761e-18,0.0,False,Readout Collapsed (|Δy_graph| < 1e-3),100.0,0.0,Imidazolium_Ring,Cation,0.0,0.0,0.0,0.0,True,False
Case1_R1234yf,[emim]__[Ac]__R1234yf__313.15__0.311,45,0.11129511892795563,0.026072189211845398,0.08522292971611023,1.9288787841796875,0.8524526357650757,0.6253683567047119,0.12219480925705191,0.0,True,Significant Sensitivity (|Δy_graph| >= 1e-3),100.0,0.0,Imidazolium_Ring,Cation,0.001229792833328247,0.0016231251259644826,0.7576697653531103,0.7563018578919424,False,True
Case1_R1234yf,[emim]__[Ac]__R1234yf__313.15__0.311,46,0.03829711303114891,0.03829711303114891,0.0,1.3078572891345175e-08,0.0,0.0,0.0,0.0,False,Readout Collapsed (|Δy_graph| < 1e-3),100.0,0.0,Imidazolium_Ring,Cation,0.0,0.0,0.0,0.0,True,False
Case1_R1234yf,[emim]__[BF4]__R1234yf__313.15__0.3919,42,0.06107287481427193,0.06107287481427193,0.0,9.030128644837987e-09,0.0,0.0,0.0,0.0,False,Readout Collapsed (|Δy_graph| < 1e-3),100.0,0.0,Imidazolium_Ring,Cation,0.0,0.0,0.0,0.0,True,False
Case1_R1234yf,[emim]__[BF4]__R1234yf__313.15__0.3919,43,-0.001974891871213913,-0.0019748881459236145,3.725290298461914e-09,0.001163703273050487,3.810870339293615e-06,3.409639361962036e-07,9.210830466399589e-10,0.0,False,Head Insensitivity (L1 active but head collapsed),100.0,0.0,BF4_Core,Anion,0.0,0.0,0.0,0.0,True,False
Case1_R1234yf,[emim]__[BF4]__R1234yf__313.15__0.3919,44,0.04017923027276993,0.04017923027276993,0.0,6.939359309399151e-08,5.820766091346741e-11,0.0,5.1963572805298546e-18,0.0,False,Readout Collapsed (|Δy_graph| < 1e-3),100.0,0.0,Imidazolium_Ring,Cation,0.0,0.0,0.0,0.0,True,False
Case1_R1234yf,[emim]__[BF4]__R1234yf__313.15__0.3919,45,0.04265559837222099,0.03518335893750191,0.007472239434719086,0.30444687604904175,0.3651160001754761,0.24810293316841125,0.0558294543297951,0.0,True,Significant Sensitivity (|Δy_graph| >= 1e-3),100.0,0.0,Imidazolium_Ring,Cation,0.004965681582689285,0.005159814531604449,0.9623759831431774,0.8173675488335473,False,True
Case1_R1234yf,[emim]__[BF4]__R1234yf__313.15__0.3919,46,0.04822732135653496,0.04822732135653496,0.0,1.2903835333588631e-08,0.0,0.0,0.0,0.0,False,Readout Collapsed (|Δy_graph| < 1e-3),100.0,0.0,Imidazolium_Ring,Cation,0.0,0.0,0.0,0.0,True,False
Case1_R1234yf,[bmim]__[Ac]__R1234yf__313.15__0.561,42,0.07184013724327087,0.07184013724327087,0.0,6.8321668322823825e-09,0.0,0.0,0.0,0.0,False,Readout Collapsed (|Δy_graph| < 1e-3),100.0,0.0,Imidazolium_Ring,Cation,0.0,0.0,0.0,0.0,True,False
Case1_R1234yf,[bmim]__[Ac]__R1234yf__313.15__0.561,43,0.005040261894464493,0.005040261894464493,0.0,0.0011533236829563975,3.870809450745583e-06,3.426140722240234e-07,1.470265586361874e-09,0.0,False,Head Insensitivity (L1 active but head collapsed),100.0,0.0,Alkyl_Chain,Cation,0.0,0.0,0.0,0.0,True,False
Case1_R1234yf,[bmim]__[Ac]__R1234yf__313.15__0.561,44,0.05430145189166069,0.05430145189166069,0.0,7.507453858579538e-08,5.820766091346741e-11,0.0,2.5920681536824215e-18,0.0,False,Readout Collapsed (|Δy_graph| < 1e-3),100.0,0.0,Imidazolium_Ring,Cation,0.0,0.0,0.0,0.0,True,False
Case1_R1234yf,[bmim]__[Ac]__R1234yf__313.15__0.561,45,0.2198888212442398,0.052385322749614716,0.1675034984946251,1.7343133687973022,0.8070617914199829,0.6095672249794006,0.23626683442853277,0.0,True,Significant Sensitivity (|Δy_graph| >= 1e-3),100.0,0.0,Imidazolium_Ring,Cation,0.0012432634830474854,0.003243669867515564,0.38328915513209816,0.9046744545779728,False,True
Case1_R1234yf,[bmim]__[Ac]__R1234yf__313.15__0.561,46,0.05792899802327156,0.05792899802327156,0.0,1.3741822790791502e-08,0.0,0.0,0.0,0.0,False,Readout Collapsed (|Δy_graph| < 1e-3),100.0,0.0,Imidazolium_Ring,Cation,0.0,0.0,0.0,0.0,True,False
Case1_R1234yf,[bmim]__[PF6]__R1234yf__313.15__0.23,42,0.06530214846134186,0.06530214846134186,0.0,8.225900849367918e-09,0.0,0.0,0.0,0.0,False,Readout Collapsed (|Δy_graph| < 1e-3),100.0,0.0,Imidazolium_Ring,Cation,0.0,0.0,0.0,0.0,True,False
Case1_R1234yf,[bmim]__[PF6]__R1234yf__313.15__0.23,43,0.016068559139966965,0.016068557277321815,1.862645149230957e-09,0.001206063898280263,3.777359779633116e-06,3.528342347181024e-07,9.612659765401155e-10,0.0,False,Head Insensitivity (L1 active but head collapsed),100.0,0.0,PF6_Core,Anion,1.862645149230957e-09,1.862645149230957e-09,0.1862645149230957,0.0,True,False
Case1_R1234yf,[bmim]__[PF6]__R1234yf__313.15__0.23,44,0.05189722031354904,0.05189722031354904,0.0,6.998945423219993e-08,0.0,0.0,1.4711420765187522e-17,0.0,False,Readout Collapsed (|Δy_graph| < 1e-3),100.0,0.0,Imidazolium_Ring,Cation,0.0,0.0,0.0,0.0,True,False
Case1_R1234yf,[bmim]__[PF6]__R1234yf__313.15__0.23,45,0.058044031262397766,0.03613731265068054,0.021906718611717224,0.4757844805717468,0.6770364046096802,0.3469870686531067,0.0671874844701946,0.0,True,Significant Sensitivity (|Δy_graph| >= 1e-3),100.0,0.0,Imidazolium_Ring,Cation,0.005533915013074875,0.004076417535543442,1.357543716958113,1.4729032412916618,False,True
Case1_R1234yf,[bmim]__[PF6]__R1234yf__313.15__0.23,46,0.05451260879635811,0.05451260879635811,0.0,1.316622988412064e-08,0.0,0.0,0.0,0.0,False,Readout Collapsed (|Δy_graph| < 1e-3),100.0,0.0,Imidazolium_Ring,Cation,0.0,0.0,0.0,0.0,True,False
Case2_R134_vs_R134a,[emim]__[BEI]__R134__283.149__0.01,42,0.15042206645011902,0.15042206645011902,0.0,1.000876626022773e-08,0.0,0.0,0.0,0.0,False,Readout Collapsed (|Δy_graph| < 1e-3),88.57142857142857,11.428571428571429,Imidazolium_Ring,Cation,0.0,0.0,0.0,0.0,True,False
Case2_R134_vs_R134a,[emim]__[BEI]__R134__283.149__0.01,43,0.22288797795772552,0.22288794815540314,2.9802322387695312e-08,0.0012622084468603134,4.200878720439505e-06,3.785857813909388e-07,3.737106783752164e-09,0.0,False,Head Insensitivity (L1 active but head collapsed),88.57142857142857,11.428571428571429,CF3,Anion,2.9802322387695312e-08,2.9305617014567056e-08,1.0169491525423728,0.0,True,False
Case2_R134_vs_R134a,[emim]__[BEI]__R134__283.149__0.01,44,0.1674942672252655,0.1674942672252655,0.0,7.48974642306166e-08,1.1641532182693481e-10,0.0,4.2608152968740414e-17,0.0,False,Readout Collapsed (|Δy_graph| < 1e-3),88.57142857142857,11.428571428571429,Imidazolium_Ring,Cation,0.0,0.0,0.0,0.0,True,False
Case2_R134_vs_R134a,[emim]__[BEI]__R134__283.149__0.01,45,0.1741901934146881,0.13140806555747986,0.04278212785720825,0.4206163287162781,0.4377429485321045,0.313225656747818,0.23849440424237245,0.0,True,Significant Sensitivity (|Δy_graph| >= 1e-3),88.57142857142857,11.428571428571429,Sulfonyl_SO2,Anion,0.00019560754299163818,0.00026450703541437784,0.7395173541800073,0.1910944088510726,False,True
Case2_R134_vs_R134a,[emim]__[BEI]__R134__283.149__0.01,46,0.1660967320203781,0.1660967320203781,0.0,1.3741999538297023e-08,0.0,0.0,0.0,0.0,False,Readout Collapsed (|Δy_graph| < 1e-3),88.57142857142857,11.428571428571429,Imidazolium_Ring,Cation,0.0,0.0,0.0,0.0,True,False
Case2_R134_vs_R134a,[emim]__[BEI]__R134a__283.1__0.0103,42,0.04845883697271347,0.04845883697271347,0.0,1.0223121904573418e-08,0.0,0.0,0.0,0.0,False,Readout Collapsed (|Δy_graph| < 1e-3),88.57142857142857,11.428571428571429,Imidazolium_Ring,Cation,0.0,0.0,0.0,0.0,True,False
Case2_R134_vs_R134a,[emim]__[BEI]__R134a__283.1__0.0103,43,0.08694237470626831,0.08694236725568771,7.450580596923828e-09,0.0012664927635341883,4.215802164253546e-06,3.8040460026422807e-07,2.40057230170565e-09,0.0,False,Head Insensitivity (L1 active but head collapsed),88.57142857142857,11.428571428571429,CF3,Anion,0.0,0.0,0.0,0.0,True,False
Case2_R134_vs_R134a,[emim]__[BEI]__R134a__283.1__0.0103,44,0.07088032364845276,0.07088032364845276,0.0,7.492712938983459e-08,1.1641532182693481e-10,0.0,3.277112580623767e-17,0.0,False,Readout Collapsed (|Δy_graph| < 1e-3),88.57142857142857,11.428571428571429,Imidazolium_Ring,Cation,0.0,0.0,0.0,0.0,True,False
Case2_R134_vs_R134a,[emim]__[BEI]__R134a__283.1__0.0103,45,0.07959379255771637,0.005305681377649307,0.07428811118006706,0.42218217253685,0.5925551652908325,0.5239620804786682,0.328638372477142,0.0,True,Significant Sensitivity (|Δy_graph| >= 1e-3),88.57142857142857,11.428571428571429,CF3,Anion,0.009303398430347443,0.009324981768925985,0.9976854283350488,0.1118658109300907,False,True
Case2_R134_vs_R134a,[emim]__[BEI]__R134a__283.1__0.0103,46,0.08744306117296219,0.08744306117296219,0.0,1.3757277095294285e-08,0.0,0.0,0.0,0.0,False,Readout Collapsed (|Δy_graph| < 1e-3),88.57142857142857,11.428571428571429,Imidazolium_Ring,Cation,0.0,0.0,0.0,0.0,True,False
Case2_R134_vs_R134a,[emim]__[BEI]__R134__283.123__0.05,42,0.2454952597618103,0.2454952597618103,0.0,1.000876626022773e-08,0.0,0.0,0.0,0.0,False,Readout Collapsed (|Δy_graph| < 1e-3),88.57142857142857,11.428571428571429,Imidazolium_Ring,Cation,0.0,0.0,0.0,0.0,True,False
Case2_R134_vs_R134a,[emim]__[BEI]__R134__283.123__0.05,43,0.31176280975341797,0.3117627799510956,2.9802322387695312e-08,0.0012622084468603134,4.200878720439505e-06,3.785857813909388e-07,3.763826150054994e-09,0.0,False,Head Insensitivity (L1 active but head collapsed),88.57142857142857,11.428571428571429,CF3,Anion,2.9802322387695312e-08,2.9802322387695312e-08,1.0,0.0,True,False
Case2_R134_vs_R134a,[emim]__[BEI]__R134__283.123__0.05,44,0.2750692367553711,0.2750692367553711,0.0,7.48974642306166e-08,1.1641532182693481e-10,0.0,5.2898299744632356e-17,0.0,False,Readout Collapsed (|Δy_graph| < 1e-3),88.57142857142857,11.428571428571429,Imidazolium_Ring,Cation,0.0,0.0,0.0,0.0,True,False
Case2_R134_vs_R134a,[emim]__[BEI]__R134__283.123__0.05,45,0.2737372815608978,0.2089053839445114,0.06483189761638641,0.4206163287162781,0.4377429485321045,0.313225656747818,0.3008215208537862,0.0,True,Significant Sensitivity (|Δy_graph| >= 1e-3),88.57142857142857,11.428571428571429,Sulfonyl_SO2,Anion,0.0002434849739074707,0.0005146354436874389,0.4731212684514399,0.2319226460737679,False,True
Case2_R134_vs_R134a,[emim]__[BEI]__R134__283.123__0.05,46,0.27703505754470825,0.27703505754470825,0.0,1.3741999538297023e-08,0.0,0.0,0.0,0.0,False,Readout Collapsed (|Δy_graph| < 1e-3),88.57142857142857,11.428571428571429,Imidazolium_Ring,Cation,0.0,0.0,0.0,0.0,True,False
Case2_R134_vs_R134a,[emim]__[BEI]__R134a__283.15__0.0504,42,0.10075321793556213,0.10075321793556213,0.0,1.0223121904573418e-08,0.0,0.0,0.0,0.0,False,Readout Collapsed (|Δy_graph| < 1e-3),88.57142857142857,11.428571428571429,Imidazolium_Ring,Cation,0.0,0.0,0.0,0.0,True,False
Case2_R134_vs_R134a,[emim]__[BEI]__R134a__283.15__0.0504,43,0.15110069513320923,0.15110066533088684,2.9802322387695312e-08,0.0012664927635341883,4.215802164253546e-06,3.8040460026422807e-07,2.7120605379515883e-09,0.0,False,Head Insensitivity (L1 active but head collapsed),88.57142857142857,11.428571428571429,CF3,Anion,1.4901161193847656e-08,1.241763432820638e-08,1.2,0.0,True,False
Case2_R134_vs_R134a,[emim]__[BEI]__R134a__283.15__0.0504,44,0.13420827686786652,0.13420827686786652,0.0,7.492712938983459e-08,1.1641532182693481e-10,0.0,5.642340561205313e-17,0.0,False,Readout Collapsed (|Δy_graph| < 1e-3),88.57142857142857,11.428571428571429,Imidazolium_Ring,Cation,0.0,0.0,0.0,0.0,True,False
Case2_R134_vs_R134a,[emim]__[BEI]__R134a__283.15__0.0504,45,0.1420029103755951,0.033435478806495667,0.10856743156909943,0.42218217253685,0.5925551652908325,0.5239620804786682,0.4971261972095794,0.0,True,Significant Sensitivity (|Δy_graph| >= 1e-3),88.57142857142857,11.428571428571429,CF3,Anion,0.012604966759681702,0.01640705813964208,0.7682648926089974,0.097901863948127,False,True
Case2_R134_vs_R134a,[emim]__[BEI]__R134a__283.15__0.0504,46,0.15450653433799744,0.15450653433799744,0.0,1.3757277095294285e-08,0.0,0.0,0.0,0.0,False,Readout Collapsed (|Δy_graph| < 1e-3),88.57142857142857,11.428571428571429,Imidazolium_Ring,Cation,0.0,0.0,0.0,0.0,True,False
Case2_R134_vs_R134a,[emim]__[BEI]__R134__283.132__0.1,42,0.3816170394420624,0.3816170394420624,0.0,1.000876626022773e-08,0.0,0.0,0.0,0.0,False,Readout Collapsed (|Δy_graph| < 1e-3),88.57142857142857,11.428571428571429,Imidazolium_Ring,Cation,0.0,0.0,0.0,0.0,True,False
Case2_R134_vs_R134a,[emim]__[BEI]__R134__283.132__0.1,43,0.42397215962409973,0.42397210001945496,5.960464477539063e-08,0.0012622084468603134,4.200878720439505e-06,3.785857813909388e-07,3.646955262087692e-09,0.0,False,Head Insensitivity (L1 active but head collapsed),88.57142857142857,11.428571428571429,CF3,Anion,0.0,0.0,0.0,0.0,True,False
Case2_R134_vs_R134a,[emim]__[BEI]__R134__283.132__0.1,44,0.4320179224014282,0.4320179224014282,0.0,7.48974642306166e-08,1.1641532182693481e-10,0.0,4.8610422200042877e-17,0.0,False,Readout Collapsed (|Δy_graph| < 1e-3),88.57142857142857,11.428571428571429,Imidazolium_Ring,Cation,0.0,0.0,0.0,0.0,True,False
Case2_R134_vs_R134a,[emim]__[BEI]__R134__283.132__0.1,45,0.414497971534729,0.32777464389801025,0.08672332763671875,0.4206163287162781,0.4377429485321045,0.313225656747818,0.3539808504283413,0.0,True,Significant Sensitivity (|Δy_graph| >= 1e-3),88.57142857142857,11.428571428571429,Sulfonyl_SO2,Anion,0.00032785534858703613,0.0005179564158121745,0.6329786417896707,0.2762563776038405,False,True
Case2_R134_vs_R134a,[emim]__[BEI]__R134__283.132__0.1,46,0.43327465653419495,0.43327465653419495,0.0,1.3741999538297023e-08,0.0,0.0,0.0,0.0,False,Readout Collapsed (|Δy_graph| < 1e-3),88.57142857142857,11.428571428571429,Imidazolium_Ring,Cation,0.0,0.0,0.0,0.0,True,False
Case2_R134_vs_R134a,[emim]__[BEI]__R134a__283.1__0.1003,42,0.1853589415550232,0.1853589415550232,0.0,1.0223121904573418e-08,0.0,0.0,0.0,0.0,False,Readout Collapsed (|Δy_graph| < 1e-3),88.57142857142857,11.428571428571429,Imidazolium_Ring,Cation,0.0,0.0,0.0,0.0,True,False
Case2_R134_vs_R134a,[emim]__[BEI]__R134a__283.1__0.1003,43,0.24553342163562775,0.24553340673446655,1.4901161193847656e-08,0.0012664927635341883,4.215802164253546e-06,3.8040460026422807e-07,3.4014456945508087e-09,0.0,False,Head Insensitivity (L1 active but head collapsed),88.57142857142857,11.428571428571429,CF3,Anion,0.0,1.4901161193847657e-09,0.0,1.0,True,False
Case2_R134_vs_R134a,[emim]__[BEI]__R134a__283.1__0.1003,44,0.23856067657470703,0.23856067657470703,0.0,7.492712938983459e-08,1.1641532182693481e-10,0.0,8.93338230499756e-17,0.0,False,Readout Collapsed (|Δy_graph| < 1e-3),88.57142857142857,11.428571428571429,Imidazolium_Ring,Cation,0.0,0.0,0.0,0.0,True,False
Case2_R134_vs_R134a,[emim]__[BEI]__R134a__283.1__0.1003,45,0.241966113448143,0.07473821938037872,0.16722789406776428,0.42218217253685,0.5925551652908325,0.5239620804786682,0.735798164270817,0.0,True,Significant Sensitivity (|Δy_graph| >= 1e-3),88.57142857142857,11.428571428571429,CF3,Anion,0.01690971851348877,0.01714438647031784,0.9863122569457149,0.0911127973133107,False,True
Case2_R134_vs_R134a,[emim]__[BEI]__R134a__283.1__0.1003,46,0.2555824816226959,0.2555824816226959,0.0,1.3757277095294285e-08,0.0,0.0,0.0,0.0,False,Readout Collapsed (|Δy_graph| < 1e-3),88.57142857142857,11.428571428571429,Imidazolium_Ring,Cation,0.0,0.0,0.0,0.0,True,False
Case2_R134_vs_R134a,[emim]__[BEI]__R134__283.149__0.15,42,0.5194609761238098,0.5194609761238098,0.0,1.000876626022773e-08,0.0,0.0,0.0,0.0,False,Readout Collapsed (|Δy_graph| < 1e-3),88.57142857142857,11.428571428571429,Imidazolium_Ring,Cation,0.0,0.0,0.0,0.0,True,False
Case2_R134_vs_R134a,[emim]__[BEI]__R134__283.149__0.15,43,0.5365051031112671,0.5365050435066223,5.960464477539063e-08,0.0012622084468603134,4.200878720439505e-06,3.785857813909388e-07,3.1702529872112972e-09,0.0,False,Head Insensitivity (L1 active but head collapsed),88.57142857142857,11.428571428571429,CF3,Anion,0.0,0.0,0.0,0.0,True,False
Case2_R134_vs_R134a,[emim]__[BEI]__R134__283.149__0.15,44,0.5941992998123169,0.5941992998123169,0.0,7.48974642306166e-08,1.1641532182693481e-10,0.0,3.178987013839351e-17,0.0,False,Readout Collapsed (|Δy_graph| < 1e-3),88.57142857142857,11.428571428571429,Imidazolium_Ring,Cation,0.0,0.0,0.0,0.0,True,False
Case2_R134_vs_R134a,[emim]__[BEI]__R134__283.149__0.15,45,0.5579974055290222,0.45410946011543274,0.10388794541358948,0.4206163287162781,0.4377429485321045,0.313225656747818,0.44579612603410873,0.0,True,Significant Sensitivity (|Δy_graph| >= 1e-3),88.57142857142857,11.428571428571429,Sulfonyl_SO2,Anion,1.4781951904296875e-05,0.001050245761871338,0.014074755110611684,0.2666063455944215,False,True
Case2_R134_vs_R134a,[emim]__[BEI]__R134__283.149__0.15,46,0.5919380187988281,0.5919380187988281,0.0,1.3741999538297023e-08,0.0,0.0,0.0,0.0,False,Readout Collapsed (|Δy_graph| < 1e-3),88.57142857142857,11.428571428571429,Imidazolium_Ring,Cation,0.0,0.0,0.0,0.0,True,False
Case2_R134_vs_R134a,[emim]__[BEI]__R134a__283.15__0.1502,42,0.28218480944633484,0.28218480944633484,0.0,1.0223121904573418e-08,0.0,0.0,0.0,0.0,False,Readout Collapsed (|Δy_graph| < 1e-3),88.57142857142857,11.428571428571429,Imidazolium_Ring,Cation,0.0,0.0,0.0,0.0,True,False
Case2_R134_vs_R134a,[emim]__[BEI]__R134a__283.15__0.1502,43,0.34162554144859314,0.34162548184394836,5.960464477539063e-08,0.0012664927635341883,4.215802164253546e-06,3.8040460026422807e-07,3.7425014910025256e-10,0.0,False,Head Insensitivity (L1 active but head collapsed),88.57142857142857,11.428571428571429,CF3,Anion,0.0,1.1920928955078126e-08,0.0,0.0,True,False
Case2_R134_vs_R134a,[emim]__[BEI]__R134a__283.15__0.1502,44,0.35816508531570435,0.35816508531570435,0.0,7.492712938983459e-08,1.1641532182693481e-10,0.0,1.2846004112105468e-16,0.0,False,Readout Collapsed (|Δy_graph| < 1e-3),88.57142857142857,11.428571428571429,Imidazolium_Ring,Cation,0.0,0.0,0.0,0.0,True,False
Case2_R134_vs_R134a,[emim]__[BEI]__R134a__283.15__0.1502,45,0.35540151596069336,0.12111246585845947,0.2342890501022339,0.42218217253685,0.5925551652908325,0.5239620804786682,1.040945864282547,0.0,True,Significant Sensitivity (|Δy_graph| >= 1e-3),88.57142857142857,11.428571428571429,CF3,Anion,0.01902356743812561,0.01678265432516734,1.1335255478388653,0.0847609212015877,False,True
Case2_R134_vs_R134a,[emim]__[BEI]__R134a__283.15__0.1502,46,0.37291017174720764,0.37291017174720764,0.0,1.3757277095294285e-08,0.0,0.0,0.0,0.0,False,Readout Collapsed (|Δy_graph| < 1e-3),88.57142857142857,11.428571428571429,Imidazolium_Ring,Cation,0.0,0.0,0.0,0.0,True,False
Case3_BF4_vs_PF6,[bmim]__[BF4]__R32__283.1__0.01,42,0.016348280012607574,0.016348280012607574,0.0,7.527888215008716e-07,2.3283064365386963e-10,0.0,9.977910599878821e-17,0.0,False,Readout Collapsed (|Δy_graph| < 1e-3),100.0,0.0,Alkyl_Chain,Cation,0.0,0.0,0.0,0.0,True,False
Case3_BF4_vs_PF6,[bmim]__[BF4]__R32__283.1__0.01,43,0.012697067111730576,0.012697067111730576,0.0,7.472936545127595e-07,1.1641532182693481e-10,0.0,5.0207004511946246e-15,0.0,False,Readout Collapsed (|Δy_graph| < 1e-3),100.0,0.0,Alkyl_Chain,Cation,0.0,0.0,0.0,0.0,True,False
Case3_BF4_vs_PF6,[bmim]__[BF4]__R32__283.1__0.01,44,-0.0013342797756195068,-0.0013481751084327698,1.389533281326294e-05,0.0701473131775856,0.004337727092206478,0.00106989371124655,5.337346223655004e-06,0.0,False,Head Insensitivity (L1 active but head collapsed),100.0,0.0,Alkyl_Chain,Cation,4.023313522338867e-06,2.2798776626586914e-06,1.7647058823529411,1.3951857910726806,False,False
Case3_BF4_vs_PF6,[bmim]__[BF4]__R32__283.1__0.01,45,-0.005049136467278004,-0.0051125939935445786,6.345752626657486e-05,0.18782007694244385,0.02042935974895954,0.00901256874203682,1.8200512626832593e-13,0.0,False,Head Insensitivity (L1 active but head collapsed),100.0,0.0,Alkyl_Chain,Cation,4.4405460357666016e-06,2.109445631504059e-06,2.1050772626931566,0.0,False,False
Case3_BF4_vs_PF6,[bmim]__[BF4]__R32__283.1__0.01,46,0.03501376137137413,0.03501376137137413,0.0,0.0006655637407675385,1.318019542395632e-07,6.316537071171524e-09,5.376614077174719e-16,0.0,False,Readout Collapsed (|Δy_graph| < 1e-3),100.0,0.0,Alkyl_Chain,Cation,3.725290298461914e-09,3.725290298461914e-09,0.3725290298461914,0.0,True,False
Case3_BF4_vs_PF6,[bmim]__[PF6]__R32__283.2__0.0098,42,0.01704498380422592,0.01704498380422592,0.0,6.517768156300008e-07,0.0,0.0,2.5744345797553666e-17,0.0,False,Readout Collapsed (|Δy_graph| < 1e-3),100.0,0.0,Alkyl_Chain,Cation,0.0,0.0,0.0,0.0,True,False
Case3_BF4_vs_PF6,[bmim]__[PF6]__R32__283.2__0.0098,43,0.01925785467028618,0.01925785467028618,0.0,7.380079978247522e-07,4.656612873077393e-10,0.0,1.1752163234075802e-15,0.0,False,Readout Collapsed (|Δy_graph| < 1e-3),100.0,0.0,Alkyl_Chain,Cation,0.0,0.0,0.0,0.0,True,False
Case3_BF4_vs_PF6,[bmim]__[PF6]__R32__283.2__0.0098,44,0.00813816487789154,0.008122600615024567,1.5564262866973877e-05,0.07031653076410294,0.004189617000520229,0.001061153132468462,1.354081202720181e-06,0.0,False,Head Insensitivity (L1 active but head collapsed),100.0,0.0,Alkyl_Chain,Cation,4.023313522338867e-06,2.253800630569458e-06,1.7851239669421488,1.2175324675324677,False,False
Case3_BF4_vs_PF6,[bmim]__[PF6]__R32__283.2__0.0098,45,-0.001355193555355072,-0.001402175985276699,4.6982429921627045e-05,0.18515950441360474,0.020033597946166992,0.008974605239927769,1.9697544046491503e-13,0.0,False,Head Insensitivity (L1 active but head collapsed),100.0,0.0,Alkyl_Chain,Cation,2.5192275643348694e-06,8.586794137954712e-07,2.9338394793926246,0.0,True,False
Case3_BF4_vs_PF6,[bmim]__[PF6]__R32__283.2__0.0098,46,0.037535056471824646,0.037535056471824646,0.0,0.000655007257591933,1.2065740406796976e-07,6.585445078144403e-09,2.3371895770252344e-16,0.0,False,Readout Collapsed (|Δy_graph| < 1e-3),100.0,0.0,PF6_Core,Anion,0.0,0.0,0.0,0.0,True,False
Case3_BF4_vs_PF6,[bmim]__[BF4]__R32__283.1__0.0998,42,0.06901068985462189,0.06901068985462189,0.0,7.527888215008716e-07,2.3283064365386963e-10,0.0,8.862236289580818e-16,0.0,False,Readout Collapsed (|Δy_graph| < 1e-3),100.0,0.0,Alkyl_Chain,Cation,0.0,0.0,0.0,0.0,True,False
Case3_BF4_vs_PF6,[bmim]__[BF4]__R32__283.1__0.0998,43,0.06668227165937424,0.06668227165937424,0.0,7.472936545127595e-07,1.1641532182693481e-10,0.0,7.3165244785818e-15,0.0,False,Readout Collapsed (|Δy_graph| < 1e-3),100.0,0.0,Alkyl_Chain,Cation,0.0,0.0,0.0,0.0,True,False
Case3_BF4_vs_PF6,[bmim]__[BF4]__R32__283.1__0.0998,44,0.03812098503112793,0.038104813545942307,1.617148518562317e-05,0.0701473131775856,0.004337727092206478,0.00106989371124655,1.2973740751931473e-05,0.0,False,Head Insensitivity (L1 active but head collapsed),100.0,0.0,Alkyl_Chain,Cation,4.537403583526611e-06,2.562999725341797e-06,1.7703488372093024,1.455814745445258,False,False
Case3_BF4_vs_PF6,[bmim]__[BF4]__R32__283.1__0.0998,45,0.040201928466558456,0.040217120200395584,1.5191733837127686e-05,0.18782007694244385,0.02042935974895954,0.00901256874203682,1.6401468306401668e-13,0.0,False,Head Insensitivity (L1 active but head collapsed),100.0,0.0,Alkyl_Chain,Cation,2.603977918624878e-06,2.1122395992279053e-06,1.2328042328042328,0.0,False,False
Case3_BF4_vs_PF6,[bmim]__[BF4]__R32__283.1__0.0998,46,0.07602730393409729,0.07602730393409729,0.0,0.0006655637407675385,1.318019542395632e-07,6.316537071171524e-09,8.058076154834171e-16,0.0,False,Readout Collapsed (|Δy_graph| < 1e-3),100.0,0.0,Alkyl_Chain,Cation,0.0,0.0,0.0,0.0,True,False
Case3_BF4_vs_PF6,[bmim]__[PF6]__R32__283.2__0.0996,42,0.0787263810634613,0.0787263810634613,0.0,6.517768156300008e-07,0.0,0.0,6.139921730157229e-16,0.0,False,Readout Collapsed (|Δy_graph| < 1e-3),100.0,0.0,Alkyl_Chain,Cation,0.0,0.0,0.0,0.0,True,False
Case3_BF4_vs_PF6,[bmim]__[PF6]__R32__283.2__0.0996,43,0.08709438145160675,0.08709438145160675,0.0,7.380079978247522e-07,4.656612873077393e-10,0.0,2.3399455527401563e-14,0.0,False,Readout Collapsed (|Δy_graph| < 1e-3),100.0,0.0,Alkyl_Chain,Cation,0.0,0.0,0.0,0.0,True,False
Case3_BF4_vs_PF6,[bmim]__[PF6]__R32__283.2__0.0996,44,0.054338619112968445,0.054317135363817215,2.148374915122986e-05,0.07031653076410294,0.004189617000520229,0.001061153132468462,1.1378411926443732e-05,0.0,False,Head Insensitivity (L1 active but head collapsed),100.0,0.0,Alkyl_Chain,Cation,5.513429641723633e-06,3.129243850708008e-06,1.7619047619047619,1.482087005970998,False,False
Case3_BF4_vs_PF6,[bmim]__[PF6]__R32__283.2__0.0996,45,0.05768067017197609,0.05767977237701416,8.977949619293213e-07,0.18515950441360474,0.020033597946166992,0.008974605239927769,2.199965758203264e-13,0.0,False,Head Insensitivity (L1 active but head collapsed),100.0,0.0,Alkyl_Chain,Cation,6.221234798431396e-07,9.723007678985596e-07,0.6398467432950191,0.0,True,False
Case3_BF4_vs_PF6,[bmim]__[PF6]__R32__283.2__0.0996,46,0.08979503810405731,0.08979503810405731,0.0,0.000655007257591933,1.2065740406796976e-07,6.585445078144403e-09,9.447445653564393e-16,0.0,False,Readout Collapsed (|Δy_graph| < 1e-3),100.0,0.0,PF6_Core,Anion,0.0,0.0,0.0,0.0,True,False
Case3_BF4_vs_PF6,[bmim]__[BF4]__R32__283.2__0.2499,42,0.17644590139389038,0.17644590139389038,0.0,7.527888215008716e-07,2.3283064365386963e-10,0.0,2.1288950126157567e-15,0.0,False,Readout Collapsed (|Δy_graph| < 1e-3),100.0,0.0,Alkyl_Chain,Cation,0.0,0.0,0.0,0.0,True,False
Case3_BF4_vs_PF6,[bmim]__[BF4]__R32__283.2__0.2499,43,0.16572654247283936,0.16572654247283936,0.0,7.472936545127595e-07,1.1641532182693481e-10,0.0,2.3205910722415442e-15,0.0,False,Readout Collapsed (|Δy_graph| < 1e-3),100.0,0.0,Alkyl_Chain,Cation,0.0,0.0,0.0,0.0,True,False
Case3_BF4_vs_PF6,[bmim]__[BF4]__R32__283.2__0.2499,44,0.1330612599849701,0.13303178548812866,2.9474496841430664e-05,0.0701473131775856,0.004337727092206478,0.00106989371124655,3.894985252372862e-05,0.0,False,Head Insensitivity (L1 active but head collapsed),100.0,0.0,Alkyl_Chain,Cation,8.285045623779297e-06,4.678964614868164e-06,1.7707006369426752,1.5168248490077654,False,False
Case3_BF4_vs_PF6,[bmim]__[BF4]__R32__283.2__0.2499,45,0.15036073327064514,0.15046513080596924,0.00010439753532409668,0.18782007694244385,0.02042935974895954,0.00901256874203682,9.024343156040557e-14,0.0,False,Head Insensitivity (L1 active but head collapsed),100.0,0.0,Alkyl_Chain,Cation,7.3015689849853516e-06,4.217028617858887e-06,1.7314487632508835,0.0,False,False
Case3_BF4_vs_PF6,[bmim]__[BF4]__R32__283.2__0.2499,46,0.16497837007045746,0.16497837007045746,0.0,0.0006655637407675385,1.318019542395632e-07,6.316537071171524e-09,4.518600373463226e-16,0.0,False,Readout Collapsed (|Δy_graph| < 1e-3),100.0,0.0,Alkyl_Chain,Cation,0.0,0.0,0.0,0.0,True,False
Case3_BF4_vs_PF6,[bmim]__[PF6]__R32__283.2__0.2497,42,0.22100219130516052,0.22100219130516052,0.0,6.517768156300008e-07,0.0,0.0,2.0076517488671806e-15,0.0,False,Readout Collapsed (|Δy_graph| < 1e-3),100.0,0.0,Alkyl_Chain,Cation,0.0,0.0,0.0,0.0,True,False
Case3_BF4_vs_PF6,[bmim]__[PF6]__R32__283.2__0.2497,43,0.2163296639919281,0.2163296639919281,0.0,7.380079978247522e-07,4.656612873077393e-10,0.0,4.082453409732996e-14,0.0,False,Readout Collapsed (|Δy_graph| < 1e-3),100.0,0.0,Alkyl_Chain,Cation,0.0,0.0,0.0,0.0,True,False
Case3_BF4_vs_PF6,[bmim]__[PF6]__R32__283.2__0.2497,44,0.17767995595932007,0.1776491403579712,3.081560134887695e-05,0.07031653076410294,0.004189617000520229,0.001061153132468462,4.679707740251615e-05,0.0,False,Head Insensitivity (L1 active but head collapsed),100.0,0.0,Alkyl_Chain,Cation,8.016824722290039e-06,4.500150680541992e-06,1.781456953642384,1.569848933187977,False,False
Case3_BF4_vs_PF6,[bmim]__[PF6]__R32__283.2__0.2497,45,0.20154061913490295,0.2017175257205963,0.00017690658569335938,0.18515950441360474,0.020033597946166992,0.008974605239927769,1.4734499546447148e-13,0.0,False,Head Insensitivity (L1 active but head collapsed),100.0,0.0,Alkyl_Chain,Cation,1.5616416931152344e-05,9.760260581970215e-06,1.6,0.0,False,False
Case3_BF4_vs_PF6,[bmim]__[PF6]__R32__283.2__0.2497,46,0.2102629840373993,0.2102629840373993,0.0,0.000655007257591933,1.2065740406796976e-07,6.585445078144403e-09,4.2945759622000664e-16,0.0,False,Readout Collapsed (|Δy_graph| < 1e-3),100.0,0.0,PF6_Core,Anion,0.0,0.0,0.0,0.0,True,False
Case3_BF4_vs_PF6,[bmim]__[BF4]__R32__283.2__0.3995,42,0.27456018328666687,0.27456018328666687,0.0,7.527888215008716e-07,2.3283064365386963e-10,0.0,2.7065479807876257e-15,0.0,False,Readout Collapsed (|Δy_graph| < 1e-3),100.0,0.0,Alkyl_Chain,Cation,0.0,0.0,0.0,0.0,True,False
Case3_BF4_vs_PF6,[bmim]__[BF4]__R32__283.2__0.3995,43,0.26130473613739014,0.26130473613739014,0.0,7.472936545127595e-07,1.1641532182693481e-10,0.0,1.0639935789029902e-13,0.0,False,Readout Collapsed (|Δy_graph| < 1e-3),100.0,0.0,Alkyl_Chain,Cation,0.0,0.0,0.0,0.0,True,False
Case3_BF4_vs_PF6,[bmim]__[BF4]__R32__283.2__0.3995,44,0.2479901760816574,0.24796968698501587,2.0489096641540527e-05,0.0701473131775856,0.004337727092206478,0.00106989371124655,5.384931318985764e-05,0.0,False,Head Insensitivity (L1 active but head collapsed),100.0,0.0,Alkyl_Chain,Cation,5.945563316345215e-06,3.1739473342895508e-06,1.8732394366197183,1.5624150122382376,False,False
Case3_BF4_vs_PF6,[bmim]__[BF4]__R32__283.2__0.3995,45,0.25205758213996887,0.25224223732948303,0.00018465518951416016,0.18782007694244385,0.02042935974895954,0.00901256874203682,2.2054471709851602e-13,0.0,False,Head Insensitivity (L1 active but head collapsed),100.0,0.0,Alkyl_Chain,Cation,2.4259090423583984e-05,1.5467405319213867e-05,1.5684007707129095,0.0,False,False
Case3_BF4_vs_PF6,[bmim]__[BF4]__R32__283.2__0.3995,46,0.25807642936706543,0.25807642936706543,0.0,0.0006655637407675385,1.318019542395632e-07,6.316537071171524e-09,2.0712704943287647e-16,0.0,False,Readout Collapsed (|Δy_graph| < 1e-3),100.0,0.0,Alkyl_Chain,Cation,0.0,0.0,0.0,0.0,True,False
Case3_BF4_vs_PF6,[bmim]__[PF6]__R32__283.2__0.3996,42,0.34196195006370544,0.34196195006370544,0.0,6.517768156300008e-07,0.0,0.0,2.5069606115006374e-15,0.0,False,Readout Collapsed (|Δy_graph| < 1e-3),100.0,0.0,Alkyl_Chain,Cation,0.0,0.0,0.0,0.0,True,False
Case3_BF4_vs_PF6,[bmim]__[PF6]__R32__283.2__0.3996,43,0.33769986033439636,0.33769986033439636,0.0,7.380079978247522e-07,4.656612873077393e-10,0.0,1.4685019947426698e-13,0.0,False,Readout Collapsed (|Δy_graph| < 1e-3),100.0,0.0,Alkyl_Chain,Cation,0.0,0.0,0.0,0.0,True,False
Case3_BF4_vs_PF6,[bmim]__[PF6]__R32__283.2__0.3996,44,0.3102750778198242,0.31025663018226624,1.84476375579834e-05,0.07031653076410294,0.004189617000520229,0.001061153132468462,5.9167000472371e-05,0.0,False,Head Insensitivity (L1 active but head collapsed),100.0,0.0,PF6_Core,Anion,6.109476089477539e-06,6.109476089477539e-06,1.0,1.0057392730254169,False,False
Case3_BF4_vs_PF6,[bmim]__[PF6]__R32__283.2__0.3996,45,0.3251684010028839,0.3254411518573761,0.0002727508544921875,0.18515950441360474,0.020033597946166992,0.008974605239927769,2.1969130980481716e-13,0.0,False,Head Insensitivity (L1 active but head collapsed),100.0,0.0,Alkyl_Chain,Cation,3.090500831604004e-05,1.9848346710205078e-05,1.557057057057057,0.0,False,False
Case3_BF4_vs_PF6,[bmim]__[PF6]__R32__283.2__0.3996,46,0.329079806804657,0.329079806804657,0.0,0.000655007257591933,1.2065740406796976e-07,6.585445078144403e-09,2.15832964576086e-15,0.0,False,Readout Collapsed (|Δy_graph| < 1e-3),100.0,0.0,PF6_Core,Anion,0.0,0.0,0.0,0.0,True,False
Case4_R1336mzz_Stereo,[emim]__[Tf2N]__R1336mzz(E)__293.1__0.194,42,0.2885638177394867,0.2885638177394867,0.0,7.905012644471299e-09,0.0,0.0,0.0,0.0,False,Readout Collapsed (|Δy_graph| < 1e-3),100.0,0.0,Imidazolium_Ring,Cation,0.0,0.0,0.0,0.0,True,False
Case4_R1336mzz_Stereo,[emim]__[Tf2N]__R1336mzz(E)__293.1__0.194,43,0.20119337737560272,0.20119337737560272,0.0,0.0012286821147426963,4.114423973078374e-06,3.714056617809547e-07,8.033838386212189e-10,0.0,False,Head Insensitivity (L1 active but head collapsed),100.0,0.0,CF3,Anion,0.0,0.0,0.0,0.0,True,False
Case4_R1336mzz_Stereo,[emim]__[Tf2N]__R1336mzz(E)__293.1__0.194,44,0.27176082134246826,0.27176082134246826,0.0,7.65594379004142e-08,0.0,0.0,8.73489383398741e-17,0.0,False,Readout Collapsed (|Δy_graph| < 1e-3),100.0,0.0,Imidazolium_Ring,Cation,0.0,0.0,0.0,0.0,True,False
Case4_R1336mzz_Stereo,[emim]__[Tf2N]__R1336mzz(E)__293.1__0.194,45,0.43354690074920654,0.22705987095832825,0.2064870297908783,0.8875211477279663,0.7007910013198853,0.5804859399795532,0.4468322198372319,0.0,True,Significant Sensitivity (|Δy_graph| >= 1e-3),100.0,0.0,Sulfonyl_SO2,Anion,0.001632392406463623,0.0013037969668706257,1.2520296088598,0.0800860186374999,False,True
Case4_R1336mzz_Stereo,[emim]__[Tf2N]__R1336mzz(E)__293.1__0.194,46,0.29310548305511475,0.29310548305511475,0.0,1.3478442362213627e-08,0.0,0.0,0.0,0.0,False,Readout Collapsed (|Δy_graph| < 1e-3),100.0,0.0,Imidazolium_Ring,Cation,0.0,0.0,0.0,0.0,True,False
Case4_R1336mzz_Stereo,[emim]__[Tf2N]__R1336mzz(E)__293.1__0.223,42,0.3093726933002472,0.3093726933002472,0.0,7.905012644471299e-09,0.0,0.0,0.0,0.0,False,Readout Collapsed (|Δy_graph| < 1e-3),100.0,0.0,Imidazolium_Ring,Cation,0.0,0.0,0.0,0.0,True,False
Case4_R1336mzz_Stereo,[emim]__[Tf2N]__R1336mzz(E)__293.1__0.223,43,0.21648059785366058,0.2164805829524994,1.4901161193847656e-08,0.0012286821147426963,4.114423973078374e-06,3.714056617809547e-07,1.8096375830126132e-10,0.0,False,Head Insensitivity (L1 active but head collapsed),100.0,0.0,CF3,Anion,0.0,9.934107462565104e-10,0.0,0.0,True,False
Case4_R1336mzz_Stereo,[emim]__[Tf2N]__R1336mzz(E)__293.1__0.223,44,0.2902179956436157,0.2902179956436157,0.0,7.65594379004142e-08,0.0,0.0,8.153626035253486e-17,0.0,False,Readout Collapsed (|Δy_graph| < 1e-3),100.0,0.0,Imidazolium_Ring,Cation,0.0,0.0,0.0,0.0,True,False
Case4_R1336mzz_Stereo,[emim]__[Tf2N]__R1336mzz(E)__293.1__0.223,45,0.4784386456012726,0.26112061738967896,0.21731802821159363,0.8875211477279663,0.7007910013198853,0.5804859399795532,0.5063025914132578,0.0,True,Significant Sensitivity (|Δy_graph| >= 1e-3),100.0,0.0,Sulfonyl_SO2,Anion,0.0015045702457427979,0.0010563323895136515,1.4243341022947527,0.0767423806988925,False,True
Case4_R1336mzz_Stereo,[emim]__[Tf2N]__R1336mzz(E)__293.1__0.223,46,0.31240949034690857,0.31240949034690857,0.0,1.3478442362213627e-08,0.0,0.0,0.0,0.0,False,Readout Collapsed (|Δy_graph| < 1e-3),100.0,0.0,Imidazolium_Ring,Cation,0.0,0.0,0.0,0.0,True,False
Case4_R1336mzz_Stereo,[emim]__[Tf2N]__R1336mzz(E)__303__0.228,42,0.2735055983066559,0.2735055983066559,0.0,7.905012644471299e-09,0.0,0.0,0.0,0.0,False,Readout Collapsed (|Δy_graph| < 1e-3),100.0,0.0,Imidazolium_Ring,Cation,0.0,0.0,0.0,0.0,True,False
Case4_R1336mzz_Stereo,[emim]__[Tf2N]__R1336mzz(E)__303__0.228,43,0.17645376920700073,0.17645378410816193,1.4901161193847656e-08,0.0012286821147426963,4.114423973078374e-06,3.714056617809547e-07,1.4791279867587548e-09,0.0,False,Head Insensitivity (L1 active but head collapsed),100.0,0.0,CF3,Anion,1.4901161193847656e-08,1.2914339701334636e-08,1.1538461538461537,0.0,True,False
Case4_R1336mzz_Stereo,[emim]__[Tf2N]__R1336mzz(E)__303__0.228,44,0.24556060135364532,0.24556060135364532,0.0,7.65594379004142e-08,0.0,0.0,6.16616829713858e-17,0.0,False,Readout Collapsed (|Δy_graph| < 1e-3),100.0,0.0,Imidazolium_Ring,Cation,0.0,0.0,0.0,0.0,True,False
Case4_R1336mzz_Stereo,[emim]__[Tf2N]__R1336mzz(E)__303__0.228,45,0.37431228160858154,0.1864895075559616,0.18782277405261993,0.8875211477279663,0.7007910013198853,0.5804859399795532,0.3713552395347492,0.0,True,Significant Sensitivity (|Δy_graph| >= 1e-3),100.0,0.0,Sulfonyl_SO2,Anion,0.0017081797122955322,0.0011613736550013223,1.4708269857331897,0.0944839029706132,False,True
Case4_R1336mzz_Stereo,[emim]__[Tf2N]__R1336mzz(E)__303__0.228,46,0.27021434903144836,0.27021434903144836,0.0,1.3478442362213627e-08,0.0,0.0,0.0,0.0,False,Readout Collapsed (|Δy_graph| < 1e-3),100.0,0.0,Imidazolium_Ring,Cation,0.0,0.0,0.0,0.0,True,False
Case4_R1336mzz_Stereo,[emim]__[Tf2N]__R1336mzz(E)__303__0.293,42,0.3057635724544525,0.3057635724544525,0.0,7.905012644471299e-09,0.0,0.0,0.0,0.0,False,Readout Collapsed (|Δy_graph| < 1e-3),100.0,0.0,Imidazolium_Ring,Cation,0.0,0.0,0.0,0.0,True,False
Case4_R1336mzz_Stereo,[emim]__[Tf2N]__R1336mzz(E)__303__0.293,43,0.1969613879919052,0.1969613879919052,0.0,0.0012286821147426963,4.114423973078374e-06,3.714056617809547e-07,3.363148921679826e-10,0.0,False,Head Insensitivity (L1 active but head collapsed),100.0,0.0,CF3,Anion,1.4901161193847656e-08,4.470348358154297e-09,1.4901161193847656,0.0,True,False
Case4_R1336mzz_Stereo,[emim]__[Tf2N]__R1336mzz(E)__303__0.293,44,0.2732943892478943,0.2732943892478943,0.0,7.65594379004142e-08,0.0,0.0,9.329246027349486e-17,0.0,False,Readout Collapsed (|Δy_graph| < 1e-3),100.0,0.0,Imidazolium_Ring,Cation,0.0,0.0,0.0,0.0,True,False
Case4_R1336mzz_Stereo,[emim]__[Tf2N]__R1336mzz(E)__303__0.293,45,0.45419347286224365,0.24454782903194427,0.20964564383029938,0.8875211477279663,0.7007910013198853,0.5804859399795532,0.4606041170191006,0.0,True,Significant Sensitivity (|Δy_graph| >= 1e-3),100.0,0.0,Sulfonyl_SO2,Anion,0.0019145607948303223,0.0017598668734232585,1.0879009223613354,0.0760437871309113,False,True
Case4_R1336mzz_Stereo,[emim]__[Tf2N]__R1336mzz(E)__303__0.293,46,0.29769113659858704,0.29769113659858704,0.0,1.3478442362213627e-08,0.0,0.0,0.0,0.0,False,Readout Collapsed (|Δy_graph| < 1e-3),100.0,0.0,Imidazolium_Ring,Cation,0.0,0.0,0.0,0.0,True,False
Case4_R1336mzz_Stereo,[emim]__[Tf2N]__R1336mzz(E)__322.5__0.336,42,0.2470490038394928,0.2470490038394928,0.0,7.905012644471299e-09,0.0,0.0,0.0,0.0,False,Readout Collapsed (|Δy_graph| < 1e-3),100.0,0.0,Imidazolium_Ring,Cation,0.0,0.0,0.0,0.0,True,False
Case4_R1336mzz_Stereo,[emim]__[Tf2N]__R1336mzz(E)__322.5__0.336,43,0.1386411488056183,0.1386411488056183,0.0,0.0012286821147426963,4.114423973078374e-06,3.714056617809547e-07,4.4697960350364996e-10,0.0,False,Head Insensitivity (L1 active but head collapsed),100.0,0.0,CF3,Anion,0.0,0.0,0.0,0.0,True,False
Case4_R1336mzz_Stereo,[emim]__[Tf2N]__R1336mzz(E)__322.5__0.336,44,0.20152658224105835,0.20152658224105835,0.0,7.65594379004142e-08,0.0,0.0,3.940651235754574e-17,0.0,False,Readout Collapsed (|Δy_graph| < 1e-3),100.0,0.0,Imidazolium_Ring,Cation,0.0,0.0,0.0,0.0,True,False
Case4_R1336mzz_Stereo,[emim]__[Tf2N]__R1336mzz(E)__322.5__0.336,45,0.2972254753112793,0.14572006464004517,0.15150541067123413,0.8875211477279663,0.7007910013198853,0.5804859399795532,0.2951563664246332,0.0,True,Significant Sensitivity (|Δy_graph| >= 1e-3),100.0,0.0,Sulfonyl_SO2,Anion,0.002146124839782715,0.0017981330553690593,1.1935294962597924,0.0932588620336796,False,True
Case4_R1336mzz_Stereo,[emim]__[Tf2N]__R1336mzz(E)__322.5__0.336,46,0.2306380271911621,0.2306380271911621,0.0,1.3478442362213627e-08,0.0,0.0,0.0,0.0,False,Readout Collapsed (|Δy_graph| < 1e-3),100.0,0.0,Imidazolium_Ring,Cation,0.0,0.0,0.0,0.0,True,False
Case4_R1336mzz_Stereo,[emim]__[Tf2N]__R1336mzz(E)__322.5__0.488,42,0.2853268086910248,0.2853268086910248,0.0,7.905012644471299e-09,0.0,0.0,0.0,0.0,False,Readout Collapsed (|Δy_graph| < 1e-3),100.0,0.0,Imidazolium_Ring,Cation,0.0,0.0,0.0,0.0,True,False
Case4_R1336mzz_Stereo,[emim]__[Tf2N]__R1336mzz(E)__322.5__0.488,43,0.1539953500032425,0.1539953500032425,0.0,0.0012286821147426963,4.114423973078374e-06,3.714056617809547e-07,2.1938292849021934e-10,0.0,False,Head Insensitivity (L1 active but head collapsed),100.0,0.0,CF3,Anion,0.0,9.934107462565104e-10,0.0,1.4901161193847656,True,False
Case4_R1336mzz_Stereo,[emim]__[Tf2N]__R1336mzz(E)__322.5__0.488,44,0.22904527187347412,0.22904527187347412,0.0,7.65594379004142e-08,0.0,0.0,7.719946955037359e-17,0.0,False,Readout Collapsed (|Δy_graph| < 1e-3),100.0,0.0,Imidazolium_Ring,Cation,0.0,0.0,0.0,0.0,True,False
Case4_R1336mzz_Stereo,[emim]__[Tf2N]__R1336mzz(E)__322.5__0.488,45,0.42096421122550964,0.2133912891149521,0.20757292211055756,0.8875211477279663,0.7007910013198853,0.5804859399795532,0.41760891815647316,0.0,True,Significant Sensitivity (|Δy_graph| >= 1e-3),100.0,0.0,Sulfonyl_SO2,Anion,0.002475738525390625,0.002038608988126119,1.2144253948700157,0.0754411201216103,False,True
Case4_R1336mzz_Stereo,[emim]__[Tf2N]__R1336mzz(E)__322.5__0.488,46,0.2612989842891693,0.2612989842891693,0.0,1.3478442362213627e-08,0.0,0.0,0.0,0.0,False,Readout Collapsed (|Δy_graph| < 1e-3),100.0,0.0,Imidazolium_Ring,Cation,0.0,0.0,0.0,0.0,True,False
Case4_R1336mzz_Stereo,[emim]__[Tf2N]__R1336mzz(E)__332.9__0.381,42,0.22658798098564148,0.22658798098564148,0.0,7.905012644471299e-09,0.0,0.0,0.0,0.0,False,Readout Collapsed (|Δy_graph| < 1e-3),100.0,0.0,Imidazolium_Ring,Cation,0.0,0.0,0.0,0.0,True,False
Case4_R1336mzz_Stereo,[emim]__[Tf2N]__R1336mzz(E)__332.9__0.381,43,0.12100253999233246,0.12100253999233246,0.0,0.0012286821147426963,4.114423973078374e-06,3.714056617809547e-07,2.2591937804024298e-10,0.0,False,Head Insensitivity (L1 active but head collapsed),100.0,0.0,CF3,Anion,0.0,4.967053731282552e-10,0.0,0.0,True,False
Case4_R1336mzz_Stereo,[emim]__[Tf2N]__R1336mzz(E)__332.9__0.381,44,0.17419353127479553,0.17419353127479553,0.0,7.65594379004142e-08,0.0,0.0,2.9844320347960746e-17,0.0,False,Readout Collapsed (|Δy_graph| < 1e-3),100.0,0.0,Imidazolium_Ring,Cation,0.0,0.0,0.0,0.0,True,False
Case4_R1336mzz_Stereo,[emim]__[Tf2N]__R1336mzz(E)__332.9__0.381,45,0.2513340711593628,0.12484371662139893,0.12649035453796387,0.8875211477279663,0.7007910013198853,0.5804859399795532,0.2501981065142883,0.0,True,Significant Sensitivity (|Δy_graph| >= 1e-3),100.0,0.0,Sulfonyl_SO2,Anion,0.0020307600498199463,0.0015963474909464518,1.2721290704794714,0.1025958494122541,False,True
Case4_R1336mzz_Stereo,[emim]__[Tf2N]__R1336mzz(E)__332.9__0.381,46,0.20346015691757202,0.20346015691757202,0.0,1.3478442362213627e-08,0.0,0.0,0.0,0.0,False,Readout Collapsed (|Δy_graph| < 1e-3),100.0,0.0,Imidazolium_Ring,Cation,0.0,0.0,0.0,0.0,True,False
Case4_R1336mzz_Stereo,[emim]__[Tf2N]__R1336mzz(E)__332.9__0.623,42,0.27836844325065613,0.27836844325065613,0.0,7.905012644471299e-09,0.0,0.0,0.0,0.0,False,Readout Collapsed (|Δy_graph| < 1e-3),100.0,0.0,Imidazolium_Ring,Cation,0.0,0.0,0.0,0.0,True,False
Case4_R1336mzz_Stereo,[emim]__[Tf2N]__R1336mzz(E)__332.9__0.623,43,0.14720255136489868,0.14720255136489868,0.0,0.0012286821147426963,4.114423973078374e-06,3.714056617809547e-07,4.5764389630317814e-10,0.0,False,Head Insensitivity (L1 active but head collapsed),100.0,0.0,CF3,Anion,0.0,9.934107462565104e-10,0.0,1.4901161193847656,True,False
Case4_R1336mzz_Stereo,[emim]__[Tf2N]__R1336mzz(E)__332.9__0.623,44,0.2082510143518448,0.2082510143518448,0.0,7.65594379004142e-08,0.0,0.0,5.833970836397755e-17,0.0,False,Readout Collapsed (|Δy_graph| < 1e-3),100.0,0.0,Imidazolium_Ring,Cation,0.0,0.0,0.0,0.0,True,False
Case4_R1336mzz_Stereo,[emim]__[Tf2N]__R1336mzz(E)__332.9__0.623,45,0.41380226612091064,0.20798616111278534,0.2058161050081253,0.8875211477279663,0.7007910013198853,0.5804859399795532,0.44251823262311374,0.0,True,Significant Sensitivity (|Δy_graph| >= 1e-3),100.0,0.0,Sulfonyl_SO2,Anion,0.0025339126586914062,0.0020704497893651325,1.2238464664571203,0.0698064719751849,False,True
Case4_R1336mzz_Stereo,[emim]__[Tf2N]__R1336mzz(E)__332.9__0.623,46,0.24183839559555054,0.24183839559555054,0.0,1.3478442362213627e-08,0.0,0.0,0.0,0.0,False,Readout Collapsed (|Δy_graph| < 1e-3),100.0,0.0,Imidazolium_Ring,Cation,0.0,0.0,0.0,0.0,True,False
Case4_R1336mzz_Stereo,[emim]__[Tf2N]__R1336mzz(E)__342.9__0.453,42,0.2145792543888092,0.2145792543888092,0.0,7.905012644471299e-09,0.0,0.0,0.0,0.0,False,Readout Collapsed (|Δy_graph| < 1e-3),100.0,0.0,Imidazolium_Ring,Cation,0.0,0.0,0.0,0.0,True,False
Case4_R1336mzz_Stereo,[emim]__[Tf2N]__R1336mzz(E)__342.9__0.453,43,0.11115908622741699,0.11115908622741699,0.0,0.0012286821147426963,4.114423973078374e-06,3.714056617809547e-07,4.9767429869014557e-11,0.0,False,Head Insensitivity (L1 active but head collapsed),100.0,0.0,CF3,Anion,0.0,0.0,0.0,1.3636363636363638,True,False
Case4_R1336mzz_Stereo,[emim]__[Tf2N]__R1336mzz(E)__342.9__0.453,44,0.15287645161151886,0.15287645161151886,0.0,7.65594379004142e-08,0.0,0.0,2.380945373817516e-17,0.0,False,Readout Collapsed (|Δy_graph| < 1e-3),100.0,0.0,Imidazolium_Ring,Cation,0.0,0.0,0.0,0.0,True,False
Case4_R1336mzz_Stereo,[emim]__[Tf2N]__R1336mzz(E)__342.9__0.453,45,0.2289276272058487,0.11559717357158661,0.11333045363426208,0.8875211477279663,0.7007910013198853,0.5804859399795532,0.2344492156989856,0.0,True,Significant Sensitivity (|Δy_graph| >= 1e-3),100.0,0.0,Sulfonyl_SO2,Anion,0.0019235014915466309,0.0018007745345433553,1.0681523170441751,0.1011696249538396,False,True
Case4_R1336mzz_Stereo,[emim]__[Tf2N]__R1336mzz(E)__342.9__0.453,46,0.1861649602651596,0.1861649602651596,0.0,1.3478442362213627e-08,0.0,0.0,0.0,0.0,False,Readout Collapsed (|Δy_graph| < 1e-3),100.0,0.0,Imidazolium_Ring,Cation,0.0,0.0,0.0,0.0,True,False
Case4_R1336mzz_Stereo,[emim]__[Tf2N]__R1336mzz(E)__342.9__0.8,42,0.2827123999595642,0.2827123999595642,0.0,7.905012644471299e-09,0.0,0.0,0.0,0.0,False,Readout Collapsed (|Δy_graph| < 1e-3),100.0,0.0,Imidazolium_Ring,Cation,0.0,0.0,0.0,0.0,True,False
Case4_R1336mzz_Stereo,[emim]__[Tf2N]__R1336mzz(E)__342.9__0.8,43,0.15137049555778503,0.15137049555778503,0.0,0.0012286821147426963,4.114423973078374e-06,3.714056617809547e-07,1.0287105403627983e-09,0.0,False,Head Insensitivity (L1 active but head collapsed),100.0,0.0,CF3,Anion,0.0,0.0,0.0,0.0,True,False
Case4_R1336mzz_Stereo,[emim]__[Tf2N]__R1336mzz(E)__342.9__0.8,44,0.19992311298847198,0.19992311298847198,0.0,7.65594379004142e-08,0.0,0.0,4.52399651927644e-17,0.0,False,Readout Collapsed (|Δy_graph| < 1e-3),100.0,0.0,Imidazolium_Ring,Cation,0.0,0.0,0.0,0.0,True,False
Case4_R1336mzz_Stereo,[emim]__[Tf2N]__R1336mzz(E)__342.9__0.8,45,0.43529653549194336,0.2134154886007309,0.22188104689121246,0.8875211477279663,0.7007910013198853,0.5804859399795532,0.4886344412807355,0.0,True,Significant Sensitivity (|Δy_graph| >= 1e-3),100.0,0.0,Sulfonyl_SO2,Anion,0.0024186372756958008,0.0017455726861953734,1.3855838229042354,0.0653252476907987,False,True
Case4_R1336mzz_Stereo,[emim]__[Tf2N]__R1336mzz(E)__342.9__0.8,46,0.23033559322357178,0.23033559322357178,0.0,1.3478442362213627e-08,0.0,0.0,0.0,0.0,False,Readout Collapsed (|Δy_graph| < 1e-3),100.0,0.0,Imidazolium_Ring,Cation,0.0,0.0,0.0,0.0,True,False
Case4_R1336mzz_Stereo,[emim]__[Tf2N]__R1336mzz(E)__352.8__0.511,42,0.20056921243667603,0.20056921243667603,0.0,7.905012644471299e-09,0.0,0.0,0.0,0.0,False,Readout Collapsed (|Δy_graph| < 1e-3),100.0,0.0,Imidazolium_Ring,Cation,0.0,0.0,0.0,0.0,True,False
Case4_R1336mzz_Stereo,[emim]__[Tf2N]__R1336mzz(E)__352.8__0.511,43,0.10349783301353455,0.10349783301353455,0.0,0.0012286821147426963,4.114423973078374e-06,3.714056617809547e-07,2.6930910930131335e-10,0.0,False,Head Insensitivity (L1 active but head collapsed),100.0,0.0,CF3,Anion,0.0,0.0,0.0,0.0,True,False
Case4_R1336mzz_Stereo,[emim]__[Tf2N]__R1336mzz(E)__352.8__0.511,44,0.1328149139881134,0.1328149139881134,0.0,7.65594379004142e-08,0.0,0.0,2.5055848502893083e-17,0.0,False,Readout Collapsed (|Δy_graph| < 1e-3),100.0,0.0,Imidazolium_Ring,Cation,0.0,0.0,0.0,0.0,True,False
Case4_R1336mzz_Stereo,[emim]__[Tf2N]__R1336mzz(E)__352.8__0.511,45,0.2031533569097519,0.1049431562423706,0.09821020066738129,0.8875211477279663,0.7007910013198853,0.5804859399795532,0.22053563408553437,0.0,True,Significant Sensitivity (|Δy_graph| >= 1e-3),100.0,0.0,Sulfonyl_SO2,Anion,0.0016434192657470703,0.0012870152791341146,1.276922886923875,0.0961311799253127,False,True
Case4_R1336mzz_Stereo,[emim]__[Tf2N]__R1336mzz(E)__352.8__0.511,46,0.1673242449760437,0.1673242449760437,0.0,1.3478442362213627e-08,0.0,0.0,0.0,0.0,False,Readout Collapsed (|Δy_graph| < 1e-3),100.0,0.0,Imidazolium_Ring,Cation,0.0,0.0,0.0,0.0,True,False
Case4_R1336mzz_Stereo,[emim]__[Tf2N]__R1336mzz(Z)__293.1__0.05,42,0.17310672998428345,0.17310672998428345,0.0,7.905012644471299e-09,0.0,0.0,0.0,0.0,False,Readout Collapsed (|Δy_graph| < 1e-3),100.0,0.0,Imidazolium_Ring,Cation,0.0,0.0,0.0,0.0,True,False
Case4_R1336mzz_Stereo,[emim]__[Tf2N]__R1336mzz(Z)__293.1__0.05,43,0.12506146728992462,0.12506146728992462,0.0,0.0012286821147426963,4.114423973078374e-06,3.714056617809547e-07,6.436336697987488e-10,0.0,False,Head Insensitivity (L1 active but head collapsed),100.0,0.0,CF3,Anion,0.0,1.4901161193847657e-09,0.0,0.0,True,False
Case4_R1336mzz_Stereo,[emim]__[Tf2N]__R1336mzz(Z)__293.1__0.05,44,0.13749322295188904,0.13749322295188904,0.0,7.65594379004142e-08,0.0,0.0,4.471176880582351e-17,0.0,False,Readout Collapsed (|Δy_graph| < 1e-3),100.0,0.0,Imidazolium_Ring,Cation,0.0,0.0,0.0,0.0,True,False
Case4_R1336mzz_Stereo,[emim]__[Tf2N]__R1336mzz(Z)__293.1__0.05,45,0.17860254645347595,0.072225421667099,0.10637712478637695,0.8875211477279663,0.7007910013198853,0.5804859399795532,0.2022052954416707,0.0,True,Significant Sensitivity (|Δy_graph| >= 1e-3),100.0,0.0,Sulfonyl_SO2,Anion,0.0015494972467422485,0.0014766171574592591,1.0493561170644872,0.1123150935191604,False,True
Case4_R1336mzz_Stereo,[emim]__[Tf2N]__R1336mzz(Z)__293.1__0.05,46,0.15584170818328857,0.15584170818328857,0.0,1.3478442362213627e-08,0.0,0.0,0.0,0.0,False,Readout Collapsed (|Δy_graph| < 1e-3),100.0,0.0,Imidazolium_Ring,Cation,0.0,0.0,0.0,0.0,True,False
Case4_R1336mzz_Stereo,[emim]__[Tf2N]__R1336mzz(Z)__293.1__0.06,42,0.181585431098938,0.181585431098938,0.0,7.905012644471299e-09,0.0,0.0,0.0,0.0,False,Readout Collapsed (|Δy_graph| < 1e-3),100.0,0.0,Imidazolium_Ring,Cation,0.0,0.0,0.0,0.0,True,False
Case4_R1336mzz_Stereo,[emim]__[Tf2N]__R1336mzz(Z)__293.1__0.06,43,0.13054761290550232,0.13054759800434113,1.4901161193847656e-08,0.0012286821147426963,4.114423973078374e-06,3.714056617809547e-07,4.868018787552997e-10,0.0,False,Head Insensitivity (L1 active but head collapsed),100.0,0.0,CF3,Anion,0.0,0.0,0.0,0.0,True,False
Case4_R1336mzz_Stereo,[emim]__[Tf2N]__R1336mzz(Z)__293.1__0.06,44,0.14856480062007904,0.14856480062007904,0.0,7.65594379004142e-08,0.0,0.0,5.916599210595142e-17,0.0,False,Readout Collapsed (|Δy_graph| < 1e-3),100.0,0.0,Imidazolium_Ring,Cation,0.0,0.0,0.0,0.0,True,False
Case4_R1336mzz_Stereo,[emim]__[Tf2N]__R1336mzz(Z)__293.1__0.06,45,0.19447694718837738,0.08146095275878906,0.11301599442958832,0.8875211477279663,0.7007910013198853,0.5804859399795532,0.21585239144041948,0.0,True,Significant Sensitivity (|Δy_graph| >= 1e-3),100.0,0.0,Sulfonyl_SO2,Anion,0.0015941858291625977,0.001172599693139394,1.3595311669360015,0.1122755944688097,False,True
Case4_R1336mzz_Stereo,[emim]__[Tf2N]__R1336mzz(Z)__293.1__0.06,46,0.16614888608455658,0.16614888608455658,0.0,1.3478442362213627e-08,0.0,0.0,0.0,0.0,False,Readout Collapsed (|Δy_graph| < 1e-3),100.0,0.0,Imidazolium_Ring,Cation,0.0,0.0,0.0,0.0,True,False
Case4_R1336mzz_Stereo,[emim]__[Tf2N]__R1336mzz(Z)__303__0.07,42,0.16847574710845947,0.16847574710845947,0.0,7.905012644471299e-09,0.0,0.0,0.0,0.0,False,Readout Collapsed (|Δy_graph| < 1e-3),100.0,0.0,Imidazolium_Ring,Cation,0.0,0.0,0.0,0.0,True,False
Case4_R1336mzz_Stereo,[emim]__[Tf2N]__R1336mzz(Z)__303__0.07,43,0.11412128806114197,0.11412128806114197,0.0,0.0012286821147426963,4.114423973078374e-06,3.714056617809547e-07,4.5987345355380516e-10,0.0,False,Head Insensitivity (L1 active but head collapsed),100.0,0.0,CF3,Anion,1.4901161193847656e-08,5.960464477539063e-09,1.4901161193847656,1.0,True,False
Case4_R1336mzz_Stereo,[emim]__[Tf2N]__R1336mzz(Z)__303__0.07,44,0.13394829630851746,0.13394829630851746,0.0,7.65594379004142e-08,0.0,0.0,4.3651373460053956e-17,0.0,False,Readout Collapsed (|Δy_graph| < 1e-3),100.0,0.0,Imidazolium_Ring,Cation,0.0,0.0,0.0,0.0,True,False
Case4_R1336mzz_Stereo,[emim]__[Tf2N]__R1336mzz(Z)__303__0.07,45,0.15733739733695984,0.05959995836019516,0.09773743897676468,0.8875211477279663,0.7007910013198853,0.5804859399795532,0.17721384833566714,0.0,True,Significant Sensitivity (|Δy_graph| >= 1e-3),100.0,0.0,Sulfonyl_SO2,Anion,0.001115366816520691,0.0008184030652046203,1.3628575746375322,0.1350497413671231,False,True
Case4_R1336mzz_Stereo,[emim]__[Tf2N]__R1336mzz(Z)__303__0.07,46,0.15018132328987122,0.15018132328987122,0.0,1.3478442362213627e-08,0.0,0.0,0.0,0.0,False,Readout Collapsed (|Δy_graph| < 1e-3),100.0,0.0,Imidazolium_Ring,Cation,0.0,0.0,0.0,0.0,True,False
Case4_R1336mzz_Stereo,[emim]__[Tf2N]__R1336mzz(Z)__303__0.09,42,0.18393075466156006,0.18393075466156006,0.0,7.905012644471299e-09,0.0,0.0,0.0,0.0,False,Readout Collapsed (|Δy_graph| < 1e-3),100.0,0.0,Imidazolium_Ring,Cation,0.0,0.0,0.0,0.0,True,False
Case4_R1336mzz_Stereo,[emim]__[Tf2N]__R1336mzz(Z)__303__0.09,43,0.12250857055187225,0.12250857055187225,0.0,0.0012286821147426963,4.114423973078374e-06,3.714056617809547e-07,6.733091636318411e-10,0.0,False,Head Insensitivity (L1 active but head collapsed),100.0,0.0,CF3,Anion,0.0,0.0,0.0,0.0,True,False
Case4_R1336mzz_Stereo,[emim]__[Tf2N]__R1336mzz(Z)__303__0.09,44,0.15251150727272034,0.15251150727272034,0.0,7.65594379004142e-08,0.0,0.0,4.596677022971869e-17,0.0,False,Readout Collapsed (|Δy_graph| < 1e-3),100.0,0.0,Imidazolium_Ring,Cation,0.0,0.0,0.0,0.0,True,False
Case4_R1336mzz_Stereo,[emim]__[Tf2N]__R1336mzz(Z)__303__0.09,45,0.18140217661857605,0.0737309455871582,0.10767123103141785,0.8875211477279663,0.7007910013198853,0.5804859399795532,0.19444675766862762,0.0,True,Significant Sensitivity (|Δy_graph| >= 1e-3),100.0,0.0,Sulfonyl_SO2,Anion,0.00111369788646698,0.0010515600442886353,1.0590911023253837,0.1361658816839818,False,True
Case4_R1336mzz_Stereo,[emim]__[Tf2N]__R1336mzz(Z)__303__0.09,46,0.16901063919067383,0.16901063919067383,0.0,1.3478442362213627e-08,0.0,0.0,0.0,0.0,False,Readout Collapsed (|Δy_graph| < 1e-3),100.0,0.0,Imidazolium_Ring,Cation,0.0,0.0,0.0,0.0,True,False
Case4_R1336mzz_Stereo,[emim]__[Tf2N]__R1336mzz(Z)__322.5__0.13,42,0.1683083474636078,0.1683083474636078,0.0,7.905012644471299e-09,0.0,0.0,0.0,0.0,False,Readout Collapsed (|Δy_graph| < 1e-3),100.0,0.0,Imidazolium_Ring,Cation,0.0,0.0,0.0,0.0,True,False
Case4_R1336mzz_Stereo,[emim]__[Tf2N]__R1336mzz(Z)__322.5__0.13,43,0.10052479803562164,0.10052478313446045,1.4901161193847656e-08,0.0012286821147426963,4.114423973078374e-06,3.714056617809547e-07,3.964267022288359e-10,0.0,False,Head Insensitivity (L1 active but head collapsed),100.0,0.0,CF3,Anion,0.0,0.0,0.0,1.0,True,False
Case4_R1336mzz_Stereo,[emim]__[Tf2N]__R1336mzz(Z)__322.5__0.13,44,0.1370900273323059,0.1370900273323059,0.0,7.65594379004142e-08,0.0,0.0,2.3759952044995112e-17,0.0,False,Readout Collapsed (|Δy_graph| < 1e-3),100.0,0.0,Imidazolium_Ring,Cation,0.0,0.0,0.0,0.0,True,False
Case4_R1336mzz_Stereo,[emim]__[Tf2N]__R1336mzz(Z)__322.5__0.13,45,0.14840808510780334,0.05233984813094139,0.09606823697686195,0.8875211477279663,0.7007910013198853,0.5804859399795532,0.14084514154819638,0.0,True,Significant Sensitivity (|Δy_graph| >= 1e-3),100.0,0.0,Sulfonyl_SO2,Anion,0.0011160969734191895,0.000824505090713501,1.3536568615402411,0.170064352364764,False,True
Case4_R1336mzz_Stereo,[emim]__[Tf2N]__R1336mzz(Z)__322.5__0.13,46,0.1474696695804596,0.1474696695804596,0.0,1.3478442362213627e-08,0.0,0.0,0.0,0.0,False,Readout Collapsed (|Δy_graph| < 1e-3),100.0,0.0,Imidazolium_Ring,Cation,0.0,0.0,0.0,0.0,True,False
Case4_R1336mzz_Stereo,[emim]__[Tf2N]__R1336mzz(Z)__322.5__0.17,42,0.18932819366455078,0.18932819366455078,0.0,7.905012644471299e-09,0.0,0.0,0.0,0.0,False,Readout Collapsed (|Δy_graph| < 1e-3),100.0,0.0,Imidazolium_Ring,Cation,0.0,0.0,0.0,0.0,True,False
Case4_R1336mzz_Stereo,[emim]__[Tf2N]__R1336mzz(Z)__322.5__0.17,43,0.11067380011081696,0.11067380011081696,0.0,0.0012286821147426963,4.114423973078374e-06,3.714056617809547e-07,1.4684591628615073e-10,0.0,False,Head Insensitivity (L1 active but head collapsed),100.0,0.0,CF3,Anion,1.4901161193847656e-08,8.443991343180338e-09,1.4901161193847656,0.9677419354838708,True,False
Case4_R1336mzz_Stereo,[emim]__[Tf2N]__R1336mzz(Z)__322.5__0.17,44,0.1545010805130005,0.1545010805130005,0.0,7.65594379004142e-08,0.0,0.0,2.714960646672487e-17,0.0,False,Readout Collapsed (|Δy_graph| < 1e-3),100.0,0.0,Imidazolium_Ring,Cation,0.0,0.0,0.0,0.0,True,False
Case4_R1336mzz_Stereo,[emim]__[Tf2N]__R1336mzz(Z)__322.5__0.17,45,0.17733970284461975,0.06918458640575409,0.10815511643886566,0.8875211477279663,0.7007910013198853,0.5804859399795532,0.1675427611917245,0.0,True,Significant Sensitivity (|Δy_graph| >= 1e-3),100.0,0.0,Sulfonyl_SO2,Anion,0.0012938529253005981,0.000912723441918691,1.417573895747338,0.1407524510687664,False,True
Case4_R1336mzz_Stereo,[emim]__[Tf2N]__R1336mzz(Z)__322.5__0.17,46,0.17101939022541046,0.17101939022541046,0.0,1.3478442362213627e-08,0.0,0.0,0.0,0.0,False,Readout Collapsed (|Δy_graph| < 1e-3),100.0,0.0,Imidazolium_Ring,Cation,0.0,0.0,0.0,0.0,True,False
Case4_R1336mzz_Stereo,[emim]__[Tf2N]__R1336mzz(Z)__332.9__0.18,42,0.17035526037216187,0.17035526037216187,0.0,7.905012644471299e-09,0.0,0.0,0.0,0.0,False,Readout Collapsed (|Δy_graph| < 1e-3),100.0,0.0,Imidazolium_Ring,Cation,0.0,0.0,0.0,0.0,True,False
Case4_R1336mzz_Stereo,[emim]__[Tf2N]__R1336mzz(Z)__332.9__0.18,43,0.09690502285957336,0.09690501540899277,7.450580596923828e-09,0.0012286821147426963,4.114423973078374e-06,3.714056617809547e-07,4.946866427775476e-10,0.0,False,Head Insensitivity (L1 active but head collapsed),100.0,0.0,CF3,Anion,7.450580596923828e-09,1.241763432820638e-09,0.7450580596923828,0.0,True,False
Case4_R1336mzz_Stereo,[emim]__[Tf2N]__R1336mzz(Z)__332.9__0.18,44,0.13341018557548523,0.13341018557548523,0.0,7.65594379004142e-08,0.0,0.0,1.651876741607343e-17,0.0,False,Readout Collapsed (|Δy_graph| < 1e-3),100.0,0.0,Imidazolium_Ring,Cation,0.0,0.0,0.0,0.0,True,False
Case4_R1336mzz_Stereo,[emim]__[Tf2N]__R1336mzz(Z)__332.9__0.18,45,0.14811117947101593,0.05589611083269119,0.09221506863832474,0.8875211477279663,0.7007910013198853,0.5804859399795532,0.1388183005619781,0.0,True,Significant Sensitivity (|Δy_graph| >= 1e-3),100.0,0.0,Sulfonyl_SO2,Anion,0.0010957270860671997,0.0009071980913480123,1.2078145848378614,0.172799813661532,False,True
Case4_R1336mzz_Stereo,[emim]__[Tf2N]__R1336mzz(Z)__332.9__0.18,46,0.1472931057214737,0.1472931057214737,0.0,1.3478442362213627e-08,0.0,0.0,0.0,0.0,False,Readout Collapsed (|Δy_graph| < 1e-3),100.0,0.0,Imidazolium_Ring,Cation,0.0,0.0,0.0,0.0,True,False
Case4_R1336mzz_Stereo,[emim]__[Tf2N]__R1336mzz(Z)__332.9__0.24,42,0.19252029061317444,0.19252029061317444,0.0,7.905012644471299e-09,0.0,0.0,0.0,0.0,False,Readout Collapsed (|Δy_graph| < 1e-3),100.0,0.0,Imidazolium_Ring,Cation,0.0,0.0,0.0,0.0,True,False
Case4_R1336mzz_Stereo,[emim]__[Tf2N]__R1336mzz(Z)__332.9__0.24,43,0.10829025506973267,0.10829025506973267,0.0,0.0012286821147426963,4.114423973078374e-06,3.714056617809547e-07,7.697708529624814e-10,0.0,False,Head Insensitivity (L1 active but head collapsed),100.0,0.0,CF3,Anion,1.4901161193847656e-08,1.3411045074462891e-08,1.1111111111111112,0.0,True,False
Case4_R1336mzz_Stereo,[emim]__[Tf2N]__R1336mzz(Z)__332.9__0.24,44,0.14942091703414917,0.14942091703414917,0.0,7.65594379004142e-08,0.0,0.0,3.4264359175656025e-17,0.0,False,Readout Collapsed (|Δy_graph| < 1e-3),100.0,0.0,Imidazolium_Ring,Cation,0.0,0.0,0.0,0.0,True,False
Case4_R1336mzz_Stereo,[emim]__[Tf2N]__R1336mzz(Z)__332.9__0.24,45,0.1782921403646469,0.07641208916902542,0.10188005119562149,0.8875211477279663,0.7007910013198853,0.5804859399795532,0.17635390534996861,0.0,True,Significant Sensitivity (|Δy_graph| >= 1e-3),100.0,0.0,Sulfonyl_SO2,Anion,0.0013286471366882324,0.0012227907776832581,1.0865694777364394,0.1345038568944707,False,True
Case4_R1336mzz_Stereo,[emim]__[Tf2N]__R1336mzz(Z)__332.9__0.24,46,0.17147332429885864,0.17147332429885864,0.0,1.3478442362213627e-08,0.0,0.0,0.0,0.0,False,Readout Collapsed (|Δy_graph| < 1e-3),100.0,0.0,Imidazolium_Ring,Cation,0.0,0.0,0.0,0.0,True,False
Case4_R1336mzz_Stereo,[emim]__[Tf2N]__R1336mzz(Z)__342.9__0.24,42,0.1693473905324936,0.1693473905324936,0.0,7.905012644471299e-09,0.0,0.0,0.0,0.0,False,Readout Collapsed (|Δy_graph| < 1e-3),100.0,0.0,Imidazolium_Ring,Cation,0.0,0.0,0.0,0.0,True,False
Case4_R1336mzz_Stereo,[emim]__[Tf2N]__R1336mzz(Z)__342.9__0.24,43,0.09389294683933258,0.09389293193817139,1.4901161193847656e-08,0.0012286821147426963,4.114423973078374e-06,3.714056617809547e-07,8.832354049526092e-10,0.0,False,Head Insensitivity (L1 active but head collapsed),100.0,0.0,CF3,Anion,0.0,0.0,0.0,0.0,True,False
Case4_R1336mzz_Stereo,[emim]__[Tf2N]__R1336mzz(Z)__342.9__0.24,44,0.12712915241718292,0.12712915241718292,0.0,7.65594379004142e-08,0.0,0.0,2.115096972153425e-17,0.0,False,Readout Collapsed (|Δy_graph| < 1e-3),100.0,0.0,Imidazolium_Ring,Cation,0.0,0.0,0.0,0.0,True,False
Case4_R1336mzz_Stereo,[emim]__[Tf2N]__R1336mzz(Z)__342.9__0.24,45,0.14476417005062103,0.06001855060458183,0.0847456194460392,0.8875211477279663,0.7007910013198853,0.5804859399795532,0.14020970987621492,0.0,True,Significant Sensitivity (|Δy_graph| >= 1e-3),100.0,0.0,Sulfonyl_SO2,Anion,0.001086607575416565,0.0009260555108388265,1.1733719660415491,0.1561426869255007,False,True
Case4_R1336mzz_Stereo,[emim]__[Tf2N]__R1336mzz(Z)__342.9__0.24,46,0.14506268501281738,0.14506268501281738,0.0,1.3478442362213627e-08,0.0,0.0,0.0,0.0,False,Readout Collapsed (|Δy_graph| < 1e-3),100.0,0.0,Imidazolium_Ring,Cation,0.0,0.0,0.0,0.0,True,False
Case4_R1336mzz_Stereo,[emim]__[Tf2N]__R1336mzz(Z)__342.9__0.31,42,0.18751177191734314,0.18751177191734314,0.0,7.905012644471299e-09,0.0,0.0,0.0,0.0,False,Readout Collapsed (|Δy_graph| < 1e-3),100.0,0.0,Imidazolium_Ring,Cation,0.0,0.0,0.0,0.0,True,False
Case4_R1336mzz_Stereo,[emim]__[Tf2N]__R1336mzz(Z)__342.9__0.31,43,0.10294780880212784,0.10294780135154724,7.450580596923828e-09,0.0012286821147426963,4.114423973078374e-06,3.714056617809547e-07,9.37682812255855e-11,0.0,False,Head Insensitivity (L1 active but head collapsed),100.0,0.0,CF3,Anion,7.450580596923828e-09,7.2022279103597006e-09,0.7450580596923828,0.0,True,False
Case4_R1336mzz_Stereo,[emim]__[Tf2N]__R1336mzz(Z)__342.9__0.31,44,0.13861948251724243,0.13861948251724243,0.0,7.65594379004142e-08,0.0,0.0,2.1449067416324887e-17,0.0,False,Readout Collapsed (|Δy_graph| < 1e-3),100.0,0.0,Imidazolium_Ring,Cation,0.0,0.0,0.0,0.0,True,False
Case4_R1336mzz_Stereo,[emim]__[Tf2N]__R1336mzz(Z)__342.9__0.31,45,0.1684463769197464,0.07868592441082001,0.08976045250892639,0.8875211477279663,0.7007910013198853,0.5804859399795532,0.1676395639078673,0.0,True,Significant Sensitivity (|Δy_graph| >= 1e-3),100.0,0.0,Sulfonyl_SO2,Anion,0.001248478889465332,0.0011412968238194783,1.0939125242521546,0.1291755922203306,False,True
Case4_R1336mzz_Stereo,[emim]__[Tf2N]__R1336mzz(Z)__342.9__0.31,46,0.1630762815475464,0.1630762815475464,0.0,1.3478442362213627e-08,0.0,0.0,0.0,0.0,False,Readout Collapsed (|Δy_graph| < 1e-3),100.0,0.0,Imidazolium_Ring,Cation,0.0,0.0,0.0,0.0,True,False
Case4_R1336mzz_Stereo,[emim]__[Tf2N]__R1336mzz(Z)__352.8__0.31,42,0.16560378670692444,0.16560378670692444,0.0,7.905012644471299e-09,0.0,0.0,0.0,0.0,False,Readout Collapsed (|Δy_graph| < 1e-3),100.0,0.0,Imidazolium_Ring,Cation,0.0,0.0,0.0,0.0,True,False
Case4_R1336mzz_Stereo,[emim]__[Tf2N]__R1336mzz(Z)__352.8__0.31,43,0.09145553410053253,0.09145553410053253,0.0,0.0012286821147426963,4.114423973078374e-06,3.714056617809547e-07,1.4223660053588882e-10,0.0,False,Head Insensitivity (L1 active but head collapsed),100.0,0.0,CF3,Anion,0.0,0.0,0.0,0.0,True,False
Case4_R1336mzz_Stereo,[emim]__[Tf2N]__R1336mzz(Z)__352.8__0.31,44,0.11842866986989975,0.11842866986989975,0.0,7.65594379004142e-08,0.0,0.0,2.334770430455156e-17,0.0,False,Readout Collapsed (|Δy_graph| < 1e-3),100.0,0.0,Imidazolium_Ring,Cation,0.0,0.0,0.0,0.0,True,False
Case4_R1336mzz_Stereo,[emim]__[Tf2N]__R1336mzz(Z)__352.8__0.31,45,0.1371486932039261,0.06266460567712784,0.07448408752679825,0.8875211477279663,0.7007910013198853,0.5804859399795532,0.1389132029726155,0.0,True,Significant Sensitivity (|Δy_graph| >= 1e-3),100.0,0.0,Sulfonyl_SO2,Anion,0.0010151267051696777,0.000802484154701233,1.264980372787064,0.1445256930200575,False,True
Case4_R1336mzz_Stereo,[emim]__[Tf2N]__R1336mzz(Z)__352.8__0.31,46,0.13813894987106323,0.13813894987106323,0.0,1.3478442362213627e-08,0.0,0.0,0.0,0.0,False,Readout Collapsed (|Δy_graph| < 1e-3),100.0,0.0,Imidazolium_Ring,Cation,0.0,0.0,0.0,0.0,True,False
Case4_R1336mzz_Stereo,[emim]__[Tf2N]__R1336mzz(Z)__352.8__0.41,42,0.1840745508670807,0.1840745508670807,0.0,7.905012644471299e-09,0.0,0.0,0.0,0.0,False,Readout Collapsed (|Δy_graph| < 1e-3),100.0,0.0,Imidazolium_Ring,Cation,0.0,0.0,0.0,0.0,True,False
Case4_R1336mzz_Stereo,[emim]__[Tf2N]__R1336mzz(Z)__352.8__0.41,43,0.09797731041908264,0.09797731041908264,0.0,0.0012286821147426963,4.114423973078374e-06,3.714056617809547e-07,9.947179917865062e-11,0.0,False,Head Insensitivity (L1 active but head collapsed),100.0,0.0,CF3,Anion,0.0,0.0,0.0,1.0,True,False
Case4_R1336mzz_Stereo,[emim]__[Tf2N]__R1336mzz(Z)__352.8__0.41,44,0.12653958797454834,0.12653958797454834,0.0,7.65594379004142e-08,0.0,0.0,2.247404467187312e-17,0.0,False,Readout Collapsed (|Δy_graph| < 1e-3),100.0,0.0,Imidazolium_Ring,Cation,0.0,0.0,0.0,0.0,True,False
Case4_R1336mzz_Stereo,[emim]__[Tf2N]__R1336mzz(Z)__352.8__0.41,45,0.1671544760465622,0.08402533829212189,0.08312913775444031,0.8875211477279663,0.7007910013198853,0.5804859399795532,0.1709710177965439,0.0,True,Significant Sensitivity (|Δy_graph| >= 1e-3),100.0,0.0,Sulfonyl_SO2,Anion,0.0012961328029632568,0.0009562785426775615,1.3553925400585796,0.1044104545015097,False,True
Case4_R1336mzz_Stereo,[emim]__[Tf2N]__R1336mzz(Z)__352.8__0.41,46,0.15453189611434937,0.15453189611434937,0.0,1.3478442362213627e-08,0.0,0.0,0.0,0.0,False,Readout Collapsed (|Δy_graph| < 1e-3),100.0,0.0,Imidazolium_Ring,Cation,0.0,0.0,0.0,0.0,True,False
